-- MariaDB dump 10.19  Distrib 10.4.32-MariaDB, for Win64 (AMD64)
--
-- Host: localhost    Database: english_master
-- ------------------------------------------------------
-- Server version	10.4.32-MariaDB

/*!40101 SET @OLD_CHARACTER_SET_CLIENT=@@CHARACTER_SET_CLIENT */;
/*!40101 SET @OLD_CHARACTER_SET_RESULTS=@@CHARACTER_SET_RESULTS */;
/*!40101 SET @OLD_COLLATION_CONNECTION=@@COLLATION_CONNECTION */;
/*!40101 SET NAMES utf8mb4 */;
/*!40103 SET @OLD_TIME_ZONE=@@TIME_ZONE */;
/*!40103 SET TIME_ZONE='+00:00' */;
/*!40014 SET @OLD_UNIQUE_CHECKS=@@UNIQUE_CHECKS, UNIQUE_CHECKS=0 */;
/*!40014 SET @OLD_FOREIGN_KEY_CHECKS=@@FOREIGN_KEY_CHECKS, FOREIGN_KEY_CHECKS=0 */;
/*!40101 SET @OLD_SQL_MODE=@@SQL_MODE, SQL_MODE='NO_AUTO_VALUE_ON_ZERO' */;
/*!40111 SET @OLD_SQL_NOTES=@@SQL_NOTES, SQL_NOTES=0 */;

--
-- Table structure for table `activation_codes`
--

DROP TABLE IF EXISTS `activation_codes`;
/*!40101 SET @saved_cs_client     = @@character_set_client */;
/*!40101 SET character_set_client = utf8 */;
CREATE TABLE `activation_codes` (
  `id` int(11) NOT NULL AUTO_INCREMENT,
  `code` varchar(50) NOT NULL,
  `plan_id` int(11) NOT NULL,
  `is_used` tinyint(1) DEFAULT 0,
  `used_by` int(11) DEFAULT NULL,
  `used_at` datetime DEFAULT NULL,
  `created_at` timestamp NOT NULL DEFAULT current_timestamp(),
  PRIMARY KEY (`id`),
  UNIQUE KEY `code` (`code`),
  KEY `plan_id` (`plan_id`),
  KEY `used_by` (`used_by`),
  CONSTRAINT `activation_codes_ibfk_1` FOREIGN KEY (`plan_id`) REFERENCES `membership_plans` (`id`),
  CONSTRAINT `activation_codes_ibfk_2` FOREIGN KEY (`used_by`) REFERENCES `users` (`id`)
) ENGINE=InnoDB AUTO_INCREMENT=15 DEFAULT CHARSET=utf8mb4 COLLATE=utf8mb4_general_ci;
/*!40101 SET character_set_client = @saved_cs_client */;

--
-- Dumping data for table `activation_codes`
--

LOCK TABLES `activation_codes` WRITE;
/*!40000 ALTER TABLE `activation_codes` DISABLE KEYS */;
INSERT INTO `activation_codes` VALUES (1,'PRO1-FREE-TRIAL',1,0,NULL,NULL,'2026-03-25 15:54:08'),(2,'PRO3-DEMO-2024',2,0,NULL,NULL,'2026-03-25 15:54:08'),(3,'PRO12-PREMIUM-VIP',3,0,NULL,NULL,'2026-03-25 15:54:08'),(4,'ENGLISH-MASTER-PRO',2,0,NULL,NULL,'2026-03-25 15:54:08'),(5,'DATN-2024-PRO',2,0,NULL,NULL,'2026-03-25 15:54:08'),(6,'STUDENT-PRO-FREE',1,0,NULL,NULL,'2026-03-25 15:54:08'),(7,'UPGRADE-NOW-2024',3,0,NULL,NULL,'2026-03-25 15:54:08'),(8,'LEARN-ENGLISH-PRO',1,0,NULL,NULL,'2026-03-25 15:54:08'),(9,'VIP-MEMBER-2024',2,0,NULL,NULL,'2026-03-25 15:54:08'),(10,'SUPER-LEARNER-PRO',3,0,NULL,NULL,'2026-03-25 15:54:08'),(11,'123456',1,1,4,'2026-03-27 20:41:35','2026-03-27 13:34:56'),(12,'TESTPRO1',1,0,NULL,NULL,'2026-03-31 04:53:51'),(13,'TESTPRO3',2,0,NULL,NULL,'2026-03-31 04:53:51'),(14,'FREE2024',1,0,NULL,NULL,'2026-03-31 04:53:51');
/*!40000 ALTER TABLE `activation_codes` ENABLE KEYS */;
UNLOCK TABLES;

--
-- Table structure for table `bookmarks`
--

DROP TABLE IF EXISTS `bookmarks`;
/*!40101 SET @saved_cs_client     = @@character_set_client */;
/*!40101 SET character_set_client = utf8 */;
CREATE TABLE `bookmarks` (
  `id` int(11) NOT NULL AUTO_INCREMENT,
  `user_id` int(11) NOT NULL,
  `vocabulary_id` int(11) NOT NULL,
  `note` text DEFAULT NULL,
  `created_at` timestamp NOT NULL DEFAULT current_timestamp(),
  PRIMARY KEY (`id`),
  UNIQUE KEY `uk_user_bookmark` (`user_id`,`vocabulary_id`),
  KEY `vocabulary_id` (`vocabulary_id`),
  CONSTRAINT `bookmarks_ibfk_1` FOREIGN KEY (`user_id`) REFERENCES `users` (`id`) ON DELETE CASCADE,
  CONSTRAINT `bookmarks_ibfk_2` FOREIGN KEY (`vocabulary_id`) REFERENCES `vocabularies` (`id`) ON DELETE CASCADE
) ENGINE=InnoDB DEFAULT CHARSET=utf8mb4 COLLATE=utf8mb4_general_ci;
/*!40101 SET character_set_client = @saved_cs_client */;

--
-- Dumping data for table `bookmarks`
--

LOCK TABLES `bookmarks` WRITE;
/*!40000 ALTER TABLE `bookmarks` DISABLE KEYS */;
/*!40000 ALTER TABLE `bookmarks` ENABLE KEYS */;
UNLOCK TABLES;

--
-- Table structure for table `grammar_lessons`
--

DROP TABLE IF EXISTS `grammar_lessons`;
/*!40101 SET @saved_cs_client     = @@character_set_client */;
/*!40101 SET character_set_client = utf8 */;
CREATE TABLE `grammar_lessons` (
  `id` int(11) NOT NULL AUTO_INCREMENT,
  `title` varchar(255) NOT NULL,
  `slug` varchar(100) NOT NULL,
  `category` enum('tense','preposition','clause','article','modal','other') DEFAULT 'other',
  `level` enum('beginner','intermediate','advanced') DEFAULT 'beginner',
  `content_html` text NOT NULL,
  `examples` text DEFAULT NULL,
  `sort_order` int(11) DEFAULT 0,
  `created_at` timestamp NOT NULL DEFAULT current_timestamp(),
  PRIMARY KEY (`id`),
  UNIQUE KEY `slug` (`slug`)
) ENGINE=InnoDB AUTO_INCREMENT=11 DEFAULT CHARSET=utf8mb4 COLLATE=utf8mb4_general_ci;
/*!40101 SET character_set_client = @saved_cs_client */;

--
-- Dumping data for table `grammar_lessons`
--

LOCK TABLES `grammar_lessons` WRITE;
/*!40000 ALTER TABLE `grammar_lessons` DISABLE KEYS */;
INSERT INTO `grammar_lessons` VALUES (1,'Present Simple','present-simple','tense','beginner','<h3>Cấu trúc</h3><p><strong>S + V(s/es)</strong> dùng cho câu khẳng định. Với phủ định dùng <strong>S + do/does not + V</strong>, câu hỏi dùng <strong>Do/Does + S + V?</strong>.</p><h3>Cách dùng</h3><ul><li>Diễn tả thói quen hoặc hành động lặp lại hằng ngày.</li><li>Diễn tả sự thật hiển nhiên, lịch trình cố định.</li><li>Dùng với always, usually, often, sometimes, every day.</li></ul>','I play football every Sunday.\nShe doesn\'t like coffee.\nDo you speak English?',1,'2026-03-27 12:09:53'),(2,'Present Continuous','present-continuous','tense','beginner','<h3>Cấu trúc</h3><p><strong>S + am/is/are + V-ing</strong>.</p><h3>Cách dùng</h3><ul><li>Diễn tả hành động đang xảy ra tại thời điểm nói.</li><li>Nói về kế hoạch gần trong tương lai.</li><li>Dùng với now, right now, at the moment, currently.</li></ul>','She is reading a book right now.\nThey are not playing football.\nAre you listening to me?',2,'2026-03-27 12:09:53'),(3,'Present Perfect','present-perfect','tense','intermediate','<h3>Cấu trúc</h3><p><strong>S + have/has + V3</strong>.</p><h3>Cách dùng</h3><ul><li>Nói về kinh nghiệm đã từng có.</li><li>Diễn tả hành động vừa hoàn thành hoặc còn liên quan hiện tại.</li><li>Dùng với since, for, already, yet, just, ever, never.</li></ul>','I have never seen snow.\nHe has already eaten lunch.\nHave you ever been to Japan?',3,'2026-03-27 12:09:53'),(4,'Past Simple','past-simple','tense','beginner','<h3>Cấu trúc</h3><p><strong>S + V2/ed</strong>. Câu phủ định dùng <strong>did not + V</strong>, câu hỏi dùng <strong>Did + S + V?</strong>.</p><h3>Cách dùng</h3><ul><li>Diễn tả hành động đã xảy ra và kết thúc trong quá khứ.</li><li>Dùng với yesterday, last week, ago, in 2020.</li></ul>','They played tennis last weekend.\nShe didn\'t go to the party.\nDid you see the movie?',4,'2026-03-27 12:09:53'),(5,'Prepositions of Time','prepositions-time','preposition','beginner','<h3>Prepositions of Time</h3><ul><li><strong>At</strong>: dùng với giờ cụ thể, at 7 o’clock, at night.</li><li><strong>On</strong>: dùng với ngày, on Monday, on June 6.</li><li><strong>In</strong>: dùng với tháng, năm, mùa, in March, in 2026.</li></ul>','I wake up at 7 AM.\nThe meeting is on Friday.\nShe was born in 1995.',5,'2026-03-27 12:09:53'),(6,'Modal Verbs','modal-verbs','modal','intermediate','<h3>Modal Verbs</h3><p>Động từ khuyết thiếu đi với động từ nguyên mẫu không “to”.</p><ul><li><strong>Can/Could</strong>: khả năng hoặc lời đề nghị.</li><li><strong>Should</strong>: lời khuyên.</li><li><strong>Must/Have to</strong>: sự bắt buộc.</li><li><strong>May/Might</strong>: khả năng xảy ra.</li></ul>','Can you speak French?\nYou should see a doctor.\nStudents must not use phones in class.',6,'2026-03-27 12:09:53'),(7,'Future Simple (Will)','future-simple','tense','beginner','<h3>Cấu trúc</h3><p><strong>S + will + V</strong>.</p><h3>Cách dùng</h3><ul><li>Dự đoán hoặc quyết định tại thời điểm nói.</li><li>Đưa ra lời hứa, lời đề nghị hoặc lời cảnh báo.</li><li>Dùng với tomorrow, next week, soon, in the future.</li></ul>','I will call you later.\nShe won\'t come to the party.\nWill they finish on time?',7,'2026-03-28 10:50:50'),(8,'Conditional Sentences','conditional-sentences','clause','intermediate','<h3>Conditional Sentences</h3><ul><li><strong>Type 0</strong>: sự thật hiển nhiên. If + present simple, present simple.</li><li><strong>Type 1</strong>: điều kiện có thể xảy ra. If + present simple, will + V.</li><li><strong>Type 2</strong>: giả định hiện tại. If + past simple, would + V.</li></ul>','If you study hard, you will pass the exam.\nIf I had a car, I would drive to work.\nIf water reaches 0??C, it freezes.',8,'2026-03-28 10:50:50'),(9,'Articles (A, An, The)','articles','article','beginner','<h3>Articles</h3><ul><li><strong>A</strong>: đứng trước danh từ số ít bắt đầu bằng phụ âm.</li><li><strong>An</strong>: đứng trước danh từ số ít bắt đầu bằng nguyên âm.</li><li><strong>The</strong>: dùng khi người nghe đã biết đối tượng được nhắc đến hoặc đối tượng là duy nhất.</li></ul>','I read a book yesterday. The book was very interesting.\nShe is an engineer.\nThe Earth goes around the Sun.',9,'2026-03-28 10:50:50'),(10,'Passive Voice','passive-voice','other','intermediate','<h3>Passive Voice</h3><p>Câu bị động nhấn mạnh đối tượng chịu tác động của hành động.</p><p><strong>S + be + V3/ed + by + object</strong>.</p><ul><li>Present simple: The lesson is taught every day.</li><li>Past simple: The book was written in 2020.</li><li>Future simple: The result will be announced tomorrow.</li></ul>','English is spoken worldwide.\nThe cake was made by my mother.\nThe homework has been submitted.',10,'2026-03-28 10:50:50');
/*!40000 ALTER TABLE `grammar_lessons` ENABLE KEYS */;
UNLOCK TABLES;

--
-- Table structure for table `grammar_questions`
--

DROP TABLE IF EXISTS `grammar_questions`;
/*!40101 SET @saved_cs_client     = @@character_set_client */;
/*!40101 SET character_set_client = utf8 */;
CREATE TABLE `grammar_questions` (
  `id` int(11) NOT NULL AUTO_INCREMENT,
  `grammar_lesson_id` int(11) NOT NULL,
  `question_text` varchar(500) NOT NULL,
  `options` longtext CHARACTER SET utf8mb4 COLLATE utf8mb4_bin NOT NULL CHECK (json_valid(`options`)),
  `correct_answer` char(1) NOT NULL,
  `explanation` text DEFAULT NULL,
  PRIMARY KEY (`id`),
  KEY `grammar_lesson_id` (`grammar_lesson_id`),
  CONSTRAINT `grammar_questions_ibfk_1` FOREIGN KEY (`grammar_lesson_id`) REFERENCES `grammar_lessons` (`id`) ON DELETE CASCADE
) ENGINE=InnoDB AUTO_INCREMENT=19 DEFAULT CHARSET=utf8mb4 COLLATE=utf8mb4_general_ci;
/*!40101 SET character_set_client = @saved_cs_client */;

--
-- Dumping data for table `grammar_questions`
--

LOCK TABLES `grammar_questions` WRITE;
/*!40000 ALTER TABLE `grammar_questions` DISABLE KEYS */;
INSERT INTO `grammar_questions` VALUES (1,1,'She ___ to school every day.','{\"A\":\"go\",\"B\":\"goes\",\"C\":\"going\",\"D\":\"went\"}','B','Chủ ngữ \"She\" (ngôi 3 số ít) → V thêm s/es'),(2,1,'___ you like coffee?','{\"A\":\"Does\",\"B\":\"Do\",\"C\":\"Is\",\"D\":\"Are\"}','B','\"You\" dùng trợ động từ \"Do\"'),(3,2,'Look! The children ___ in the park.','{\"A\":\"play\",\"B\":\"plays\",\"C\":\"are playing\",\"D\":\"played\"}','C','\"Look!\" → hành động đang xảy ra → Present Continuous'),(4,2,'She ___ a letter right now.','{\"A\":\"writes\",\"B\":\"is writing\",\"C\":\"wrote\",\"D\":\"has written\"}','B','\"right now\" → Present Continuous'),(5,3,'I ___ to Paris three times.','{\"A\":\"go\",\"B\":\"went\",\"C\":\"have been\",\"D\":\"am going\"}','C','Kinh nghiệm → Present Perfect'),(6,3,'She ___ here since 2015.','{\"A\":\"lives\",\"B\":\"lived\",\"C\":\"has lived\",\"D\":\"is living\"}','C','\"since 2015\" → Present Perfect'),(7,4,'They ___ football yesterday.','{\"A\":\"play\",\"B\":\"plays\",\"C\":\"played\",\"D\":\"have played\"}','C','\"yesterday\" → Past Simple'),(8,5,'The class starts ___ 8 AM.','{\"A\":\"in\",\"B\":\"on\",\"C\":\"at\",\"D\":\"by\"}','C','Giờ cụ thể → at'),(9,5,'We go swimming ___ summer.','{\"A\":\"in\",\"B\":\"on\",\"C\":\"at\",\"D\":\"by\"}','A','Mùa → in'),(10,6,'You ___ wear a helmet when cycling.','{\"A\":\"can\",\"B\":\"may\",\"C\":\"should\",\"D\":\"might\"}','C','Lời khuyên → should'),(11,7,'I think it ___ rain tomorrow.','{\"A\":\"rains\",\"B\":\"will rain\",\"C\":\"is raining\",\"D\":\"rained\"}','B','\"I think\" + tương lai → will + V'),(12,7,'I ___ you with your homework tonight.','{\"A\":\"help\",\"B\":\"helped\",\"C\":\"will help\",\"D\":\"helping\"}','C','Quyết định tức thì → will + V'),(13,8,'If she studies hard, she ___ the exam.','{\"A\":\"passes\",\"B\":\"will pass\",\"C\":\"passed\",\"D\":\"would pass\"}','B','Điều kiện loại 1: If + present, will + V'),(14,8,'If I ___ rich, I would buy a house.','{\"A\":\"am\",\"B\":\"was\",\"C\":\"were\",\"D\":\"will be\"}','C','Điều kiện loại 2: If + were/V2, would + V'),(15,9,'She is ___ engineer.','{\"A\":\"a\",\"B\":\"an\",\"C\":\"the\",\"D\":\"(nothing)\"}','B','Trước nguyên âm → \"an\"'),(16,9,'I saw ___ cat in the garden. ___ cat was black.','{\"A\":\"a / The\",\"B\":\"the / A\",\"C\":\"a / A\",\"D\":\"the / The\"}','A','Lần đầu → a, lần sau → the'),(17,10,'English ___ all over the world.','{\"A\":\"speaks\",\"B\":\"is spoken\",\"C\":\"is speaking\",\"D\":\"spoke\"}','B','Bị động present: is/are + V3'),(18,10,'The letter ___ by Tom yesterday.','{\"A\":\"writes\",\"B\":\"written\",\"C\":\"was written\",\"D\":\"is written\"}','C','Bị động past: was/were + V3');
/*!40000 ALTER TABLE `grammar_questions` ENABLE KEYS */;
UNLOCK TABLES;

--
-- Table structure for table `lesson_contents`
--

DROP TABLE IF EXISTS `lesson_contents`;
/*!40101 SET @saved_cs_client     = @@character_set_client */;
/*!40101 SET character_set_client = utf8 */;
CREATE TABLE `lesson_contents` (
  `id` int(11) NOT NULL AUTO_INCREMENT,
  `lesson_id` int(11) NOT NULL,
  `content_type` enum('text','image','audio','video') NOT NULL DEFAULT 'text',
  `content` text NOT NULL,
  `sort_order` int(11) DEFAULT 0,
  PRIMARY KEY (`id`),
  KEY `idx_lesson` (`lesson_id`),
  CONSTRAINT `lesson_contents_ibfk_1` FOREIGN KEY (`lesson_id`) REFERENCES `lessons` (`id`) ON DELETE CASCADE
) ENGINE=InnoDB AUTO_INCREMENT=64 DEFAULT CHARSET=utf8mb4 COLLATE=utf8mb4_unicode_ci;
/*!40101 SET character_set_client = @saved_cs_client */;

--
-- Dumping data for table `lesson_contents`
--

LOCK TABLES `lesson_contents` WRITE;
/*!40000 ALTER TABLE `lesson_contents` DISABLE KEYS */;
INSERT INTO `lesson_contents` VALUES (1,1,'text','<h3>Common Greetings</h3><ul><li><strong>Hello / Hi</strong> - Chao</li><li><strong>Good morning</strong> - Chao buoi sang</li><li><strong>Good afternoon</strong> - Chao buoi chieu</li><li><strong>How are you?</strong> - Ban khoe khong?</li><li><strong>Nice to meet you</strong> - Rat vui duoc gap ban</li></ul>',1),(2,1,'text','<h3>Introducing Yourself</h3><div class=\"dialogue\"><p><strong>A:</strong> Hi! My name is John. What is your name?</p><p><strong>B:</strong> Hello John! I am Sarah. Nice to meet you!</p><p><strong>A:</strong> Nice to meet you too! Where are you from?</p><p><strong>B:</strong> I am from Vietnam. How about you?</p></div>',2),(3,2,'text','<h3>Describing Your Daily Routine</h3><ul><li>I <strong>wake up</strong> at 6:00 AM every day.</li><li>I <strong>have breakfast</strong> at 7:00 AM.</li><li>I <strong>go to work</strong> by bus.</li><li>I <strong>have lunch</strong> at noon.</li><li>I <strong>get home</strong> at 6:00 PM.</li></ul>',1),(4,4,'text','<h3>Ordering Food</h3><div class=\"dialogue\"><p><strong>Waiter:</strong> Good evening! Welcome to our restaurant. Are you ready to order?</p><p><strong>Customer:</strong> Yes, I would like the grilled chicken with salad, please.</p><p><strong>Waiter:</strong> Would you like something to drink?</p><p><strong>Customer:</strong> I will have a glass of orange juice.</p><p><strong>Waiter:</strong> Excellent choice! Your food will be ready in about 15 minutes.</p></div>',1),(5,4,'text','<h3>Useful Phrases at a Restaurant</h3><ul><li><strong>Could I see the menu, please?</strong> - Cho toi xem thuc don</li><li><strong>What do you recommend?</strong> - Ban goi y mon gi?</li><li><strong>I am allergic to...</strong> - Toi bi di ung voi...</li><li><strong>Could I have the bill, please?</strong> - Cho toi tinh tien</li><li><strong>Keep the change</strong> - Khong can thoi lai</li></ul>',2),(6,7,'text','<h3>School Subjects</h3><ul><li><strong>Mathematics</strong> - Toan hoc</li><li><strong>Physics</strong> - Vat ly</li><li><strong>Chemistry</strong> - Hoa hoc</li><li><strong>Biology</strong> - Sinh hoc</li><li><strong>Literature</strong> - Van hoc</li><li><strong>History</strong> - Lich su</li><li><strong>Geography</strong> - Dia ly</li><li><strong>Physical Education (PE)</strong> - The duc</li></ul>',1),(7,7,'text','<h3>Talking About School</h3><div class=\"dialogue\"><p><strong>A:</strong> What is your favorite subject?</p><p><strong>B:</strong> I love Mathematics. I think it is very interesting.</p><p><strong>A:</strong> How many classes do you have today?</p><p><strong>B:</strong> I have five classes. My schedule is quite busy.</p></div>',2),(8,10,'text','<h3>Computer Components</h3><ul><li><strong>CPU (Central Processing Unit)</strong> - Bo xu ly trung tam</li><li><strong>RAM (Random Access Memory)</strong> - Bo nho tam</li><li><strong>Hard Drive / SSD</strong> - O cung</li><li><strong>Monitor</strong> - Man hinh</li><li><strong>Keyboard</strong> - Ban phim</li><li><strong>Mouse</strong> - Chuot</li></ul>',1),(9,10,'text','<h3>Common Computer Actions</h3><ul><li><strong>Click</strong> - Nhan chuot</li><li><strong>Double-click</strong> - Nhan doi</li><li><strong>Drag and drop</strong> - Keo va tha</li><li><strong>Copy and paste</strong> - Sao chep va dan</li><li><strong>Download / Upload</strong> - Tai xuong / Tai len</li><li><strong>Install / Uninstall</strong> - Cai dat / Go cai dat</li></ul>',2),(10,13,'text','<h3>At the Doctor Office</h3><div class=\"dialogue\"><p><strong>Doctor:</strong> Good morning! What brings you here today?</p><p><strong>Patient:</strong> I have had a headache and a sore throat for three days.</p><p><strong>Doctor:</strong> Let me check your temperature. Do you have any other symptoms?</p><p><strong>Patient:</strong> I also feel tired and have a runny nose.</p><p><strong>Doctor:</strong> It sounds like you have the flu. I will prescribe some medicine for you.</p></div>',1),(11,13,'text','<h3>Common Health Vocabulary</h3><ul><li><strong>Headache</strong> - Dau dau</li><li><strong>Stomachache</strong> - Dau bung</li><li><strong>Fever</strong> - Sot</li><li><strong>Cough</strong> - Ho</li><li><strong>Sore throat</strong> - Dau hong</li><li><strong>Runny nose</strong> - So mui</li><li><strong>Medicine / Pill</strong> - Thuoc</li></ul>',2),(12,7,'text','<h3>Useful Phrases at a Restaurant</h3>\n<ul>\n<li><strong>Can I see the menu, please?</strong> - Cho t??i xem th???c ????n ???????c kh??ng?</li>\n<li><strong>I would like to order...</strong> - T??i mu???n g???i...</li>\n<li><strong>What do you recommend?</strong> - B???n g???i ?? m??n g???</li>\n<li><strong>Is this dish spicy?</strong> - M??n n??y c?? cay kh??ng?</li>\n<li><strong>Could I have the bill, please?</strong> - Cho t??i t??nh ti???n ???????c kh??ng?</li>\n<li><strong>I\'m allergic to...</strong> - T??i b??? d??? ???ng v???i...</li>\n</ul>',1),(13,7,'text','<h3>Sample Dialogue</h3>\n<div class=\"dialogue\">\n<p><strong>Waiter:</strong> Good evening! Welcome to our restaurant. A table for two?</p>\n<p><strong>You:</strong> Yes, please. Could I see the menu?</p>\n<p><strong>Waiter:</strong> Of course. Here you go. Would you like something to drink?</p>\n<p><strong>You:</strong> I\'ll have an orange juice, please.</p>\n<p><strong>Waiter:</strong> Are you ready to order?</p>\n<p><strong>You:</strong> Yes, I\'d like the grilled chicken with salad, please.</p>\n<p><strong>Waiter:</strong> Excellent choice! Anything else?</p>\n<p><strong>You:</strong> No, that\'s all. Thank you!</p>\n</div>',2),(14,8,'text','<h3>Ph????ng ph??p n???u ??n (Cooking Methods)</h3>\n<ul>\n<li><strong>Boil</strong> (lu???c): Cook food in boiling water - <em>Boil the eggs for 10 minutes.</em></li>\n<li><strong>Fry</strong> (chi??n): Cook in oil - <em>Fry the fish until golden brown.</em></li>\n<li><strong>Grill</strong> (n?????ng): Cook over direct heat - <em>Grill the steak for 5 minutes each side.</em></li>\n<li><strong>Steam</strong> (h???p): Cook with steam - <em>Steam the vegetables for 8 minutes.</em></li>\n<li><strong>Bake</strong> (n?????ng l??): Cook in an oven - <em>Bake the cake at 180??C for 30 minutes.</em></li>\n<li><strong>Stir-fry</strong> (x??o): Cook quickly in a wok - <em>Stir-fry the noodles with soy sauce.</em></li>\n<li><strong>Roast</strong> (quay): Cook in oven with oil - <em>Roast the chicken with herbs.</em></li>\n</ul>',1),(15,8,'text','<h3>C??c d???ng c??? nh?? b???p (Kitchen Utensils)</h3>\n<ul>\n<li><strong>Knife</strong> /na??f/ - dao</li>\n<li><strong>Cutting board</strong> - th???t</li>\n<li><strong>Frying pan</strong> - ch???o</li>\n<li><strong>Pot</strong> - n???i</li>\n<li><strong>Oven</strong> - l?? n?????ng</li>\n<li><strong>Spatula</strong> - th??a x??c</li>\n<li><strong>Whisk</strong> - ph???i ????nh tr???ng</li>\n<li><strong>Ladle</strong> - mu??i m??c canh</li>\n</ul>',2),(16,9,'text','<h3>University Vocabulary</h3>\n<ul>\n<li><strong>Major</strong> - chuy??n ng??nh: <em>My major is Computer Science.</em></li>\n<li><strong>GPA (Grade Point Average)</strong> - ??i???m trung b??nh: <em>She has a GPA of 3.8.</em></li>\n<li><strong>Deadline</strong> - h???n n???p: <em>The deadline for the paper is next Friday.</em></li>\n<li><strong>Thesis</strong> - lu???n v??n: <em>He is writing his graduation thesis.</em></li>\n<li><strong>Campus</strong> - khu??n vi??n tr?????ng: <em>The campus has a beautiful library.</em></li>\n<li><strong>Semester</strong> - h???c k???: <em>This semester I am taking 5 courses.</em></li>\n</ul>',1),(17,9,'text','<h3>Dialogue: Registering for Classes</h3>\n<div class=\"dialogue\">\n<p><strong>Student:</strong> Excuse me, I\'d like to register for the English Communication class.</p>\n<p><strong>Advisor:</strong> Sure. That class meets on Mondays and Wednesdays. Is that okay with your schedule?</p>\n<p><strong>Student:</strong> Yes, that works. How many credits is it?</p>\n<p><strong>Advisor:</strong> It\'s 3 credits. You also need to complete a prerequisite first.</p>\n<p><strong>Student:</strong> What prerequisite is required?</p>\n<p><strong>Advisor:</strong> English Fundamentals. Have you completed that?</p>\n<p><strong>Student:</strong> Yes, I finished it last semester.</p>\n<p><strong>Advisor:</strong> Great! You\'re all set then.</p>\n</div>',2),(18,10,'text','<h3>Useful Classroom Phrases</h3>\n<h4>Asking Questions</h4>\n<ul>\n<li><strong>Could you repeat that, please?</strong> - B???n c?? th??? nh???c l???i ???????c kh??ng?</li>\n<li><strong>What does this word mean?</strong> - T??? n??y ngh??a l?? g???</li>\n<li><strong>How do you spell that?</strong> - T??? ???? vi???t th??? n??o?</li>\n<li><strong>Can you explain it in a simpler way?</strong> - Gi???i th??ch ????n gi???n h??n ???????c kh??ng?</li>\n</ul>\n<h4>Participating in Class</h4>\n<ul>\n<li><strong>I agree with...</strong> - T??i ?????ng ?? v???i...</li>\n<li><strong>In my opinion...</strong> - Theo ?? ki???n t??i...</li>\n<li><strong>Could I add something?</strong> - T??i c?? th??? b??? sung ???????c kh??ng?</li>\n<li><strong>I\'m not sure I understand.</strong> - T??i kh??ng ch???c l?? t??i hi???u.</li>\n</ul>',1),(19,12,'text','<h3>Essential Computer Terms</h3>\n<ul>\n<li><strong>Operating System (OS)</strong> - h??? ??i???u h??nh: Windows, macOS, Linux</li>\n<li><strong>RAM (Random Access Memory)</strong> - b??? nh??? t???m th???i</li>\n<li><strong>Hard Drive / SSD</strong> - ??? c???ng / ??? th??? r???n</li>\n<li><strong>Processor (CPU)</strong> - b??? x??? l??</li>\n<li><strong>Monitor</strong> - m??n h??nh</li>\n<li><strong>Keyboard</strong> - b??n ph??m</li>\n<li><strong>Mouse</strong> - chu???t</li>\n<li><strong>USB Port</strong> - c???ng USB</li>\n</ul>\n<h3>Common Actions</h3>\n<ul>\n<li><strong>Install</strong> - c??i ?????t: <em>Install the latest version of the software.</em></li>\n<li><strong>Update</strong> - c???p nh???t: <em>Please update your browser.</em></li>\n<li><strong>Restart</strong> - kh???i ?????ng l???i: <em>Try restarting your computer.</em></li>\n<li><strong>Back up</strong> - sao l??u: <em>Always back up your files.</em></li>\n</ul>',1),(20,15,'text','<h3>At the Doctor\'s Office</h3>\n<h4>Describing Symptoms</h4>\n<ul>\n<li><strong>I have a headache.</strong> - T??i b??? ??au ?????u.</li>\n<li><strong>I have a sore throat.</strong> - T??i b??? ??au h???ng.</li>\n<li><strong>I feel dizzy.</strong> - T??i c???m th???y ch??ng m???t.</li>\n<li><strong>I have a fever.</strong> - T??i b??? s???t.</li>\n<li><strong>My stomach hurts.</strong> - T??i b??? ??au b???ng.</li>\n<li><strong>I\'ve been coughing a lot.</strong> - T??i b??? ho nhi???u.</li>\n</ul>\n<h4>Dialogue</h4>\n<div class=\"dialogue\">\n<p><strong>Doctor:</strong> What seems to be the problem?</p>\n<p><strong>Patient:</strong> I\'ve had a bad cough and a sore throat for three days.</p>\n<p><strong>Doctor:</strong> Do you have a fever?</p>\n<p><strong>Patient:</strong> Yes, my temperature was 38 degrees last night.</p>\n<p><strong>Doctor:</strong> Let me examine you. Open your mouth, please. I see your throat is red and swollen. I will prescribe some medicine for you.</p>\n<p><strong>Patient:</strong> How often should I take the medicine?</p>\n<p><strong>Doctor:</strong> Take it three times a day after meals. You should also rest and drink plenty of water.</p>\n</div>',1),(21,16,'text','<h3>Exercise Vocabulary</h3>\n<ul>\n<li><strong>Warm up</strong> - kh???i ?????ng: <em>Always warm up before exercising.</em></li>\n<li><strong>Cool down</strong> - th??? l???ng: <em>Cool down with some stretches after your workout.</em></li>\n<li><strong>Push-up</strong> - h??t ?????t</li>\n<li><strong>Sit-up</strong> - g???p b???ng</li>\n<li><strong>Squat</strong> - squat, ng???i x???m</li>\n<li><strong>Plank</strong> - t?? th??? plank</li>\n<li><strong>Treadmill</strong> - m??y ch???y b???</li>\n<li><strong>Dumbbell</strong> - t??? tay</li>\n<li><strong>Cardio</strong> - b??i t???p tim m???ch</li>\n<li><strong>Yoga</strong> - yoga</li>\n</ul>',1),(36,3,'text','<h3>Rooms in a House</h3>\n<ul>\n<li><strong>Living room</strong> (phòng khách) - We usually watch TV in the living room.</li>\n<li><strong>Bedroom</strong> (phòng ngủ) - I have my own bedroom upstairs.</li>\n<li><strong>Kitchen</strong> (nhà bếp) - My mother cooks in the kitchen every day.</li>\n<li><strong>Bathroom</strong> (phòng tắm) - The bathroom is next to my bedroom.</li>\n<li><strong>Dining room</strong> (phòng ăn) - We have dinner together in the dining room.</li>\n<li><strong>Balcony</strong> (ban công) - I like to sit on the balcony and read books.</li>\n<li><strong>Garage</strong> (nhà để xe) - My father parks his car in the garage.</li>\n</ul>',1),(37,3,'text','<h3>Household Chores</h3>\n<ul>\n<li><strong>Do the laundry</strong> - giặt quần áo</li>\n<li><strong>Wash the dishes</strong> - rửa bát</li>\n<li><strong>Sweep the floor</strong> - quét nhà</li>\n<li><strong>Take out the trash</strong> - đổ rác</li>\n<li><strong>Water the plants</strong> - tưới cây</li>\n<li><strong>Make the bed</strong> - dọn giường</li>\n</ul>\n<h3>Dialogue</h3>\n<div class=\"dialogue\">\n<p><strong>Mom:</strong> Can you help me with the housework today?</p>\n<p><strong>You:</strong> Sure, Mom! What should I do?</p>\n<p><strong>Mom:</strong> Please wash the dishes and sweep the floor.</p>\n<p><strong>You:</strong> OK. Should I also take out the trash?</p>\n<p><strong>Mom:</strong> Yes, please. Thank you for helping!</p>\n</div>',2),(38,5,'text','<h3>Hotel Check-in Vocabulary</h3>\n<ul>\n<li><strong>Reservation</strong> - đặt phòng: <em>I have a reservation under the name Nguyen.</em></li>\n<li><strong>Single room</strong> - phòng đơn</li>\n<li><strong>Double room</strong> - phòng đôi</li>\n<li><strong>Check-in / Check-out</strong> - nhận phòng / trả phòng</li>\n<li><strong>Room key / Key card</strong> - chìa khóa phòng / thẻ từ</li>\n<li><strong>Front desk / Reception</strong> - quầy lễ tân</li>\n<li><strong>Bellboy</strong> - nhân viên khuân hành lý</li>\n</ul>',1),(39,5,'text','<h3>Check-in Dialogue</h3>\n<div class=\"dialogue\">\n<p><strong>Receptionist:</strong> Good evening! Welcome to Grand Hotel. How can I help you?</p>\n<p><strong>Guest:</strong> Hello! I have a reservation for two nights. The name is Tran Van Minh.</p>\n<p><strong>Receptionist:</strong> Let me check... Yes, I found it. A double room with breakfast included. May I see your ID or passport, please?</p>\n<p><strong>Guest:</strong> Here you are.</p>\n<p><strong>Receptionist:</strong> Thank you. Your room is 504 on the fifth floor. Here is your key card. Breakfast is served from 6:30 to 9:30 AM in the restaurant on the second floor.</p>\n<p><strong>Guest:</strong> Is there Wi-Fi in the room?</p>\n<p><strong>Receptionist:</strong> Yes, the password is on the card in your room. Enjoy your stay!</p>\n</div>',2),(40,6,'text','<h3>Asking for Directions</h3>\n<ul>\n<li><strong>Excuse me, how do I get to...?</strong> - Xin lỗi, tôi đi đến... bằng cách nào?</li>\n<li><strong>Is it far from here?</strong> - Có xa đây không?</li>\n<li><strong>Turn left / Turn right</strong> - Rẽ trái / Rẽ phải</li>\n<li><strong>Go straight</strong> - Đi thẳng</li>\n<li><strong>It\'s on the corner</strong> - Nó ở góc đường</li>\n<li><strong>It\'s next to / opposite / between</strong> - Nó ở bên cạnh / đối diện / giữa</li>\n<li><strong>Take the first/second left</strong> - Rẽ trái ở ngã rẽ đầu tiên/thứ hai</li>\n</ul>',1),(41,6,'text','<h3>Dialogue</h3>\n<div class=\"dialogue\">\n<p><strong>Tourist:</strong> Excuse me, could you tell me how to get to the nearest bank?</p>\n<p><strong>Local:</strong> Sure! Go straight for about 200 meters, then turn right at the traffic light.</p>\n<p><strong>Tourist:</strong> Turn right at the traffic light. Got it.</p>\n<p><strong>Local:</strong> Then walk past the post office. The bank is on your left, next to a coffee shop.</p>\n<p><strong>Tourist:</strong> How long does it take to walk there?</p>\n<p><strong>Local:</strong> About 5 minutes. You can\'t miss it!</p>\n<p><strong>Tourist:</strong> Thank you so much!</p>\n</div>',2),(42,11,'text','<h3>University Life in English-speaking Countries</h3>\n<p>University life in English-speaking countries has some differences compared to Vietnam:</p>\n<ul>\n<li><strong>Credit system:</strong> Students choose their own courses each semester to earn enough credits for graduation.</li>\n<li><strong>Office hours:</strong> Professors set specific times when students can visit for help. <em>\"I\'ll go to the professor\'s office hours to ask about the assignment.\"</em></li>\n<li><strong>Group projects:</strong> Many courses require collaborative work with other students.</li>\n<li><strong>Midterm / Final exams:</strong> Most courses have a midterm exam (giữa kỳ) and a final exam (cuối kỳ).</li>\n<li><strong>GPA:</strong> Grade Point Average on a 4.0 scale. 3.5+ is considered excellent.</li>\n</ul>',1),(43,11,'text','<h3>Useful Phrases for University</h3>\n<ul>\n<li><strong>I\'m majoring in...</strong> - Tôi chuyên ngành...</li>\n<li><strong>What year are you?</strong> - Bạn năm mấy? → <em>I\'m a sophomore (năm 2).</em></li>\n<li><strong>When is the deadline?</strong> - Khi nào hạn nộp?</li>\n<li><strong>Could I get an extension?</strong> - Có thể gia hạn được không?</li>\n<li><strong>I need to drop this class.</strong> - Tôi cần rút khỏi lớp này.</li>\n<li><strong>Let\'s form a study group.</strong> - Hãy lập nhóm học tập.</li>\n</ul>\n<p><strong>Year names:</strong> Freshman (năm 1), Sophomore (năm 2), Junior (năm 3), Senior (năm 4)</p>',2),(44,14,'text','<h3>Internet & Social Media Vocabulary</h3>\n<ul>\n<li><strong>Post</strong> - đăng bài: <em>She posted a photo on Instagram.</em></li>\n<li><strong>Share</strong> - chia sẻ: <em>Can you share this link?</em></li>\n<li><strong>Follow / Unfollow</strong> - theo dõi / bỏ theo dõi</li>\n<li><strong>Like</strong> - thích: <em>The post got 1000 likes.</em></li>\n<li><strong>Comment</strong> - bình luận: <em>Please leave a comment below.</em></li>\n<li><strong>Notification</strong> - thông báo: <em>I turned off notifications.</em></li>\n<li><strong>Stream / Livestream</strong> - phát trực tiếp</li>\n<li><strong>Hashtag (#)</strong> - thẻ tag: <em>Use the hashtag #LearnEnglish.</em></li>\n<li><strong>Influencer</strong> - người có ảnh hưởng trên MXH</li>\n<li><strong>Go viral</strong> - lan truyền rộng rãi: <em>The video went viral overnight.</em></li>\n</ul>',1),(45,14,'text','<h3>Online Safety Tips</h3>\n<ul>\n<li><strong>Don\'t share personal information</strong> like your address or phone number online.</li>\n<li><strong>Use strong passwords</strong> and change them regularly.</li>\n<li><strong>Enable two-factor authentication (2FA)</strong> for important accounts.</li>\n<li><strong>Be careful with links</strong> from unknown sources - they might be phishing scams.</li>\n<li><strong>Think before you post</strong> - once something is online, it\'s hard to delete.</li>\n</ul>\n<p><strong>Key terms:</strong> phishing (lừa đảo), scam (trò lừa), privacy (quyền riêng tư), hacker (tin tặc)</p>',2),(46,17,'text','<h3>Tips for a Healthy Lifestyle</h3>\n<ul>\n<li><strong>Eat a balanced diet</strong> - Ăn uống cân bằng: Include fruits, vegetables, protein, and whole grains.</li>\n<li><strong>Drink plenty of water</strong> - Uống đủ nước: At least 2 liters per day.</li>\n<li><strong>Get enough sleep</strong> - Ngủ đủ giấc: Adults need 7-9 hours per night.</li>\n<li><strong>Exercise regularly</strong> - Tập thể dục đều đặn: At least 30 minutes, 3 times per week.</li>\n<li><strong>Manage stress</strong> - Kiểm soát căng thẳng: Try meditation or deep breathing.</li>\n<li><strong>Avoid junk food</strong> - Tránh đồ ăn vặt: Limit sugar, salt, and processed foods.</li>\n</ul>',1),(47,17,'text','<h3>Dialogue: Giving Health Advice</h3>\n<div class=\"dialogue\">\n<p><strong>A:</strong> I\'ve been feeling really tired lately.</p>\n<p><strong>B:</strong> Are you getting enough sleep?</p>\n<p><strong>A:</strong> Not really. I usually go to bed after midnight.</p>\n<p><strong>B:</strong> That\'s probably the problem. You should try to sleep before 11 PM.</p>\n<p><strong>A:</strong> You\'re right. I also skip breakfast a lot.</p>\n<p><strong>B:</strong> That\'s not good. Breakfast gives you energy for the whole morning. You should eat something healthy like oatmeal or fruit.</p>\n<p><strong>A:</strong> Thanks for the advice. I\'ll try to change my habits.</p>\n</div>',2),(48,18,'text','<h3>Popular Sports & Exercises</h3>\n<ul>\n<li><strong>Running / Jogging</strong> - chạy bộ: <em>I go jogging in the park every morning.</em></li>\n<li><strong>Swimming</strong> - bơi lội: <em>Swimming is a full-body workout.</em></li>\n<li><strong>Cycling</strong> - đạp xe: <em>I cycle to work instead of driving.</em></li>\n<li><strong>Yoga</strong> - yoga: <em>Yoga helps with flexibility and relaxation.</em></li>\n<li><strong>Weight training</strong> - tập tạ: <em>He does weight training three times a week.</em></li>\n<li><strong>Basketball</strong> - bóng rổ</li>\n<li><strong>Football (Soccer)</strong> - bóng đá</li>\n<li><strong>Badminton</strong> - cầu lông</li>\n</ul>',1),(49,18,'text','<h3>At the Gym - Useful Phrases</h3>\n<ul>\n<li><strong>How much does a membership cost?</strong> - Phí thành viên bao nhiêu?</li>\n<li><strong>Where is the changing room?</strong> - Phòng thay đồ ở đâu?</li>\n<li><strong>Can you show me how to use this machine?</strong> - Bạn chỉ tôi cách dùng máy này được không?</li>\n<li><strong>How many reps should I do?</strong> - Tôi nên tập bao nhiêu lần?</li>\n<li><strong>I need a spotter.</strong> - Tôi cần người hỗ trợ.</li>\n</ul>\n<p><strong>Gym vocabulary:</strong> reps (số lần lặp), sets (hiệp), warm up (khởi động), cool down (thả lỏng), personal trainer (huấn luyện viên cá nhân)</p>',2),(50,3,'text','<h3>Rooms in a House</h3>\n<ul>\n<li><strong>Living room</strong> (phòng khách) - We usually watch TV in the living room.</li>\n<li><strong>Bedroom</strong> (phòng ngủ) - I have my own bedroom upstairs.</li>\n<li><strong>Kitchen</strong> (nhà bếp) - My mother cooks in the kitchen every day.</li>\n<li><strong>Bathroom</strong> (phòng tắm) - The bathroom is next to my bedroom.</li>\n<li><strong>Dining room</strong> (phòng ăn) - We have dinner together in the dining room.</li>\n<li><strong>Balcony</strong> (ban công) - I like to sit on the balcony and read books.</li>\n<li><strong>Garage</strong> (nhà để xe) - My father parks his car in the garage.</li>\n</ul>',1),(51,3,'text','<h3>Household Chores</h3>\n<ul>\n<li><strong>Do the laundry</strong> - giặt quần áo</li>\n<li><strong>Wash the dishes</strong> - rửa bát</li>\n<li><strong>Sweep the floor</strong> - quét nhà</li>\n<li><strong>Take out the trash</strong> - đổ rác</li>\n<li><strong>Water the plants</strong> - tưới cây</li>\n<li><strong>Make the bed</strong> - dọn giường</li>\n</ul>\n<h3>Dialogue</h3>\n<div class=\"dialogue\">\n<p><strong>Mom:</strong> Can you help me with the housework today?</p>\n<p><strong>You:</strong> Sure, Mom! What should I do?</p>\n<p><strong>Mom:</strong> Please wash the dishes and sweep the floor.</p>\n<p><strong>You:</strong> OK. Should I also take out the trash?</p>\n<p><strong>Mom:</strong> Yes, please. Thank you for helping!</p>\n</div>',2),(52,5,'text','<h3>Hotel Check-in Vocabulary</h3>\n<ul>\n<li><strong>Reservation</strong> - đặt phòng: <em>I have a reservation under the name Nguyen.</em></li>\n<li><strong>Single room</strong> - phòng đơn</li>\n<li><strong>Double room</strong> - phòng đôi</li>\n<li><strong>Check-in / Check-out</strong> - nhận phòng / trả phòng</li>\n<li><strong>Room key / Key card</strong> - chìa khóa phòng / thẻ từ</li>\n<li><strong>Front desk / Reception</strong> - quầy lễ tân</li>\n<li><strong>Bellboy</strong> - nhân viên khuân hành lý</li>\n</ul>',1),(53,5,'text','<h3>Check-in Dialogue</h3>\n<div class=\"dialogue\">\n<p><strong>Receptionist:</strong> Good evening! Welcome to Grand Hotel. How can I help you?</p>\n<p><strong>Guest:</strong> Hello! I have a reservation for two nights. The name is Tran Van Minh.</p>\n<p><strong>Receptionist:</strong> Let me check... Yes, I found it. A double room with breakfast included. May I see your ID or passport, please?</p>\n<p><strong>Guest:</strong> Here you are.</p>\n<p><strong>Receptionist:</strong> Thank you. Your room is 504 on the fifth floor. Here is your key card. Breakfast is served from 6:30 to 9:30 AM in the restaurant on the second floor.</p>\n<p><strong>Guest:</strong> Is there Wi-Fi in the room?</p>\n<p><strong>Receptionist:</strong> Yes, the password is on the card in your room. Enjoy your stay!</p>\n</div>',2),(54,6,'text','<h3>Asking for Directions</h3>\n<ul>\n<li><strong>Excuse me, how do I get to...?</strong> - Xin lỗi, tôi đi đến... bằng cách nào?</li>\n<li><strong>Is it far from here?</strong> - Có xa đây không?</li>\n<li><strong>Turn left / Turn right</strong> - Rẽ trái / Rẽ phải</li>\n<li><strong>Go straight</strong> - Đi thẳng</li>\n<li><strong>It\'s on the corner</strong> - Nó ở góc đường</li>\n<li><strong>It\'s next to / opposite / between</strong> - Nó ở bên cạnh / đối diện / giữa</li>\n<li><strong>Take the first/second left</strong> - Rẽ trái ở ngã rẽ đầu tiên/thứ hai</li>\n</ul>',1),(55,6,'text','<h3>Dialogue</h3>\n<div class=\"dialogue\">\n<p><strong>Tourist:</strong> Excuse me, could you tell me how to get to the nearest bank?</p>\n<p><strong>Local:</strong> Sure! Go straight for about 200 meters, then turn right at the traffic light.</p>\n<p><strong>Tourist:</strong> Turn right at the traffic light. Got it.</p>\n<p><strong>Local:</strong> Then walk past the post office. The bank is on your left, next to a coffee shop.</p>\n<p><strong>Tourist:</strong> How long does it take to walk there?</p>\n<p><strong>Local:</strong> About 5 minutes. You can\'t miss it!</p>\n<p><strong>Tourist:</strong> Thank you so much!</p>\n</div>',2),(56,11,'text','<h3>University Life in English-speaking Countries</h3>\n<p>University life in English-speaking countries has some differences compared to Vietnam:</p>\n<ul>\n<li><strong>Credit system:</strong> Students choose their own courses each semester to earn enough credits for graduation.</li>\n<li><strong>Office hours:</strong> Professors set specific times when students can visit for help. <em>\"I\'ll go to the professor\'s office hours to ask about the assignment.\"</em></li>\n<li><strong>Group projects:</strong> Many courses require collaborative work with other students.</li>\n<li><strong>Midterm / Final exams:</strong> Most courses have a midterm exam (giữa kỳ) and a final exam (cuối kỳ).</li>\n<li><strong>GPA:</strong> Grade Point Average on a 4.0 scale. 3.5+ is considered excellent.</li>\n</ul>',1),(57,11,'text','<h3>Useful Phrases for University</h3>\n<ul>\n<li><strong>I\'m majoring in...</strong> - Tôi chuyên ngành...</li>\n<li><strong>What year are you?</strong> - Bạn năm mấy? → <em>I\'m a sophomore (năm 2).</em></li>\n<li><strong>When is the deadline?</strong> - Khi nào hạn nộp?</li>\n<li><strong>Could I get an extension?</strong> - Có thể gia hạn được không?</li>\n<li><strong>I need to drop this class.</strong> - Tôi cần rút khỏi lớp này.</li>\n<li><strong>Let\'s form a study group.</strong> - Hãy lập nhóm học tập.</li>\n</ul>\n<p><strong>Year names:</strong> Freshman (năm 1), Sophomore (năm 2), Junior (năm 3), Senior (năm 4)</p>',2),(58,14,'text','<h3>Internet & Social Media Vocabulary</h3>\n<ul>\n<li><strong>Post</strong> - đăng bài: <em>She posted a photo on Instagram.</em></li>\n<li><strong>Share</strong> - chia sẻ: <em>Can you share this link?</em></li>\n<li><strong>Follow / Unfollow</strong> - theo dõi / bỏ theo dõi</li>\n<li><strong>Like</strong> - thích: <em>The post got 1000 likes.</em></li>\n<li><strong>Comment</strong> - bình luận: <em>Please leave a comment below.</em></li>\n<li><strong>Notification</strong> - thông báo: <em>I turned off notifications.</em></li>\n<li><strong>Stream / Livestream</strong> - phát trực tiếp</li>\n<li><strong>Hashtag (#)</strong> - thẻ tag: <em>Use the hashtag #LearnEnglish.</em></li>\n<li><strong>Influencer</strong> - người có ảnh hưởng trên MXH</li>\n<li><strong>Go viral</strong> - lan truyền rộng rãi: <em>The video went viral overnight.</em></li>\n</ul>',1),(59,14,'text','<h3>Online Safety Tips</h3>\n<ul>\n<li><strong>Don\'t share personal information</strong> like your address or phone number online.</li>\n<li><strong>Use strong passwords</strong> and change them regularly.</li>\n<li><strong>Enable two-factor authentication (2FA)</strong> for important accounts.</li>\n<li><strong>Be careful with links</strong> from unknown sources - they might be phishing scams.</li>\n<li><strong>Think before you post</strong> - once something is online, it\'s hard to delete.</li>\n</ul>\n<p><strong>Key terms:</strong> phishing (lừa đảo), scam (trò lừa), privacy (quyền riêng tư), hacker (tin tặc)</p>',2),(60,17,'text','<h3>Tips for a Healthy Lifestyle</h3>\n<ul>\n<li><strong>Eat a balanced diet</strong> - Ăn uống cân bằng: Include fruits, vegetables, protein, and whole grains.</li>\n<li><strong>Drink plenty of water</strong> - Uống đủ nước: At least 2 liters per day.</li>\n<li><strong>Get enough sleep</strong> - Ngủ đủ giấc: Adults need 7-9 hours per night.</li>\n<li><strong>Exercise regularly</strong> - Tập thể dục đều đặn: At least 30 minutes, 3 times per week.</li>\n<li><strong>Manage stress</strong> - Kiểm soát căng thẳng: Try meditation or deep breathing.</li>\n<li><strong>Avoid junk food</strong> - Tránh đồ ăn vặt: Limit sugar, salt, and processed foods.</li>\n</ul>',1),(61,17,'text','<h3>Dialogue: Giving Health Advice</h3>\n<div class=\"dialogue\">\n<p><strong>A:</strong> I\'ve been feeling really tired lately.</p>\n<p><strong>B:</strong> Are you getting enough sleep?</p>\n<p><strong>A:</strong> Not really. I usually go to bed after midnight.</p>\n<p><strong>B:</strong> That\'s probably the problem. You should try to sleep before 11 PM.</p>\n<p><strong>A:</strong> You\'re right. I also skip breakfast a lot.</p>\n<p><strong>B:</strong> That\'s not good. Breakfast gives you energy for the whole morning. You should eat something healthy like oatmeal or fruit.</p>\n<p><strong>A:</strong> Thanks for the advice. I\'ll try to change my habits.</p>\n</div>',2),(62,18,'text','<h3>Popular Sports & Exercises</h3>\n<ul>\n<li><strong>Running / Jogging</strong> - chạy bộ: <em>I go jogging in the park every morning.</em></li>\n<li><strong>Swimming</strong> - bơi lội: <em>Swimming is a full-body workout.</em></li>\n<li><strong>Cycling</strong> - đạp xe: <em>I cycle to work instead of driving.</em></li>\n<li><strong>Yoga</strong> - yoga: <em>Yoga helps with flexibility and relaxation.</em></li>\n<li><strong>Weight training</strong> - tập tạ: <em>He does weight training three times a week.</em></li>\n<li><strong>Basketball</strong> - bóng rổ</li>\n<li><strong>Football (Soccer)</strong> - bóng đá</li>\n<li><strong>Badminton</strong> - cầu lông</li>\n</ul>',1),(63,18,'text','<h3>At the Gym - Useful Phrases</h3>\n<ul>\n<li><strong>How much does a membership cost?</strong> - Phí thành viên bao nhiêu?</li>\n<li><strong>Where is the changing room?</strong> - Phòng thay đồ ở đâu?</li>\n<li><strong>Can you show me how to use this machine?</strong> - Bạn chỉ tôi cách dùng máy này được không?</li>\n<li><strong>How many reps should I do?</strong> - Tôi nên tập bao nhiêu lần?</li>\n<li><strong>I need a spotter.</strong> - Tôi cần người hỗ trợ.</li>\n</ul>\n<p><strong>Gym vocabulary:</strong> reps (số lần lặp), sets (hiệp), warm up (khởi động), cool down (thả lỏng), personal trainer (huấn luyện viên cá nhân)</p>',2);
/*!40000 ALTER TABLE `lesson_contents` ENABLE KEYS */;
UNLOCK TABLES;

--
-- Table structure for table `lesson_reviews`
--

DROP TABLE IF EXISTS `lesson_reviews`;
/*!40101 SET @saved_cs_client     = @@character_set_client */;
/*!40101 SET character_set_client = utf8 */;
CREATE TABLE `lesson_reviews` (
  `id` int(11) NOT NULL AUTO_INCREMENT,
  `user_id` int(11) NOT NULL,
  `lesson_id` int(11) NOT NULL,
  `rating` tinyint(4) NOT NULL,
  `comment` text DEFAULT NULL,
  `created_at` timestamp NOT NULL DEFAULT current_timestamp(),
  `updated_at` timestamp NOT NULL DEFAULT current_timestamp() ON UPDATE current_timestamp(),
  PRIMARY KEY (`id`),
  UNIQUE KEY `unique_review` (`user_id`,`lesson_id`),
  KEY `lesson_id` (`lesson_id`),
  CONSTRAINT `lesson_reviews_ibfk_1` FOREIGN KEY (`user_id`) REFERENCES `users` (`id`) ON DELETE CASCADE,
  CONSTRAINT `lesson_reviews_ibfk_2` FOREIGN KEY (`lesson_id`) REFERENCES `lessons` (`id`) ON DELETE CASCADE
) ENGINE=InnoDB AUTO_INCREMENT=2 DEFAULT CHARSET=utf8mb4 COLLATE=utf8mb4_unicode_ci;
/*!40101 SET character_set_client = @saved_cs_client */;

--
-- Dumping data for table `lesson_reviews`
--

LOCK TABLES `lesson_reviews` WRITE;
/*!40000 ALTER TABLE `lesson_reviews` DISABLE KEYS */;
INSERT INTO `lesson_reviews` VALUES (1,1,1,4,NULL,'2026-04-11 02:23:25','2026-04-11 02:23:25');
/*!40000 ALTER TABLE `lesson_reviews` ENABLE KEYS */;
UNLOCK TABLES;

--
-- Table structure for table `lessons`
--

DROP TABLE IF EXISTS `lessons`;
/*!40101 SET @saved_cs_client     = @@character_set_client */;
/*!40101 SET character_set_client = utf8 */;
CREATE TABLE `lessons` (
  `id` int(11) NOT NULL AUTO_INCREMENT,
  `topic_id` int(11) NOT NULL,
  `title` varchar(200) NOT NULL,
  `description` text DEFAULT NULL,
  `sort_order` int(11) DEFAULT 0,
  `is_active` tinyint(1) DEFAULT 1,
  `created_at` timestamp NOT NULL DEFAULT current_timestamp(),
  PRIMARY KEY (`id`),
  KEY `idx_topic` (`topic_id`),
  CONSTRAINT `lessons_ibfk_1` FOREIGN KEY (`topic_id`) REFERENCES `topics` (`id`) ON DELETE CASCADE
) ENGINE=InnoDB AUTO_INCREMENT=30 DEFAULT CHARSET=utf8mb4 COLLATE=utf8mb4_unicode_ci;
/*!40101 SET character_set_client = @saved_cs_client */;

--
-- Dumping data for table `lessons`
--

LOCK TABLES `lessons` WRITE;
/*!40000 ALTER TABLE `lessons` DISABLE KEYS */;
INSERT INTO `lessons` VALUES (1,1,'Chào hỏi & Giới thiệu','Học cách chào hỏi và giới thiệu bản thân',1,1,'2026-03-25 13:33:15'),(2,1,'Thói quen hằng ngày','Mô tả thói quen hằng ngày',2,1,'2026-03-25 13:33:15'),(3,1,'At Home','Từ vựng và hội thoại về nhà cửa, gia đình',3,1,'2026-03-25 13:33:15'),(4,2,'At the Airport','Hội thoại và từ vựng tại sân bay',1,1,'2026-03-25 13:33:15'),(5,2,'Hotel Check-in','Học cách làm thủ tục nhận phòng khách sạn',2,1,'2026-03-25 13:33:15'),(6,2,'Asking for Directions','Hỏi và chỉ đường bằng tiếng Anh',3,1,'2026-03-25 13:33:15'),(7,3,'At the Restaurant','Hội thoại gọi món tại nhà hàng',1,1,'2026-03-25 15:18:15'),(8,3,'Cooking Vocabulary','Từ vựng về nấu ăn và dụng cụ bếp',2,1,'2026-03-25 15:18:15'),(9,3,'Vietnamese Cuisine','Giới thiệu ẩm thực Việt Nam bằng tiếng Anh',3,1,'2026-03-25 15:18:15'),(10,4,'School Life','Từ vựng và hội thoại về trường học',1,1,'2026-03-25 15:18:15'),(11,4,'University Experience','Mô tả trải nghiệm đại học',2,1,'2026-03-25 15:18:15'),(12,4,'Study Abroad','Tiếng Anh cho du học sinh',3,1,'2026-03-25 15:18:15'),(13,5,'Computer Basics','Từ vựng cơ bản về máy tính',1,1,'2026-03-25 15:18:15'),(14,5,'Internet & Social Media','Tiếng Anh về Internet và mạng xã hội',2,1,'2026-03-25 15:18:15'),(15,5,'Future Technology','Công nghệ tương lai và trí tuệ nhân tạo',3,1,'2026-03-25 15:18:15'),(16,6,'At the Hospital','Hội thoại khi đi khám bệnh',1,1,'2026-03-25 15:18:15'),(17,6,'Healthy Lifestyle','Mô tả lối sống lành mạnh',2,1,'2026-03-25 15:18:15'),(18,6,'Sports & Exercise','Từ vựng về thể thao và tập luyện',3,1,'2026-03-25 15:18:15');
/*!40000 ALTER TABLE `lessons` ENABLE KEYS */;
UNLOCK TABLES;

--
-- Table structure for table `membership_orders`
--

DROP TABLE IF EXISTS `membership_orders`;
/*!40101 SET @saved_cs_client     = @@character_set_client */;
/*!40101 SET character_set_client = utf8 */;
CREATE TABLE `membership_orders` (
  `id` int(11) NOT NULL AUTO_INCREMENT,
  `user_id` int(11) NOT NULL,
  `plan_id` int(11) NOT NULL,
  `activation_code` varchar(50) DEFAULT NULL,
  `transfer_note` varchar(100) DEFAULT NULL,
  `amount` decimal(10,0) NOT NULL,
  `payment_method` varchar(50) DEFAULT 'code',
  `status` enum('pending','completed','cancelled') DEFAULT 'completed',
  `activated_at` timestamp NOT NULL DEFAULT current_timestamp(),
  `expired_at` datetime NOT NULL,
  PRIMARY KEY (`id`),
  KEY `user_id` (`user_id`),
  KEY `plan_id` (`plan_id`),
  CONSTRAINT `membership_orders_ibfk_1` FOREIGN KEY (`user_id`) REFERENCES `users` (`id`),
  CONSTRAINT `membership_orders_ibfk_2` FOREIGN KEY (`plan_id`) REFERENCES `membership_plans` (`id`)
) ENGINE=InnoDB AUTO_INCREMENT=6 DEFAULT CHARSET=utf8mb4 COLLATE=utf8mb4_general_ci;
/*!40101 SET character_set_client = @saved_cs_client */;

--
-- Dumping data for table `membership_orders`
--

LOCK TABLES `membership_orders` WRITE;
/*!40000 ALTER TABLE `membership_orders` DISABLE KEYS */;
INSERT INTO `membership_orders` VALUES (1,4,1,'123456',NULL,0,'activation_code','completed','2026-03-27 13:41:35','2026-04-27 14:41:35'),(2,1,1,NULL,'EMPRO 1 GOI1',50000,'qr_transfer','completed','2026-03-30 12:01:30','2028-01-31 23:59:59'),(3,1,1,NULL,'TID:FT20260330143759856 | EMPRO 1 GOI1',50000,'casso_auto','completed','2026-03-30 12:25:01','2028-03-02 23:59:59'),(4,1,1,NULL,'EMPRO 1 GOI1',50000,'qr_transfer','cancelled','2026-04-11 02:25:14','2000-01-01 00:00:00'),(5,1,1,NULL,NULL,50000,'wallet','completed','2026-04-11 03:40:26','2028-04-02 23:59:59');
/*!40000 ALTER TABLE `membership_orders` ENABLE KEYS */;
UNLOCK TABLES;

--
-- Table structure for table `membership_plans`
--

DROP TABLE IF EXISTS `membership_plans`;
/*!40101 SET @saved_cs_client     = @@character_set_client */;
/*!40101 SET character_set_client = utf8 */;
CREATE TABLE `membership_plans` (
  `id` int(11) NOT NULL AUTO_INCREMENT,
  `name` varchar(100) NOT NULL,
  `duration_months` int(11) NOT NULL,
  `price` decimal(10,0) NOT NULL,
  `description` text DEFAULT NULL,
  `features` text DEFAULT NULL,
  `is_popular` tinyint(1) DEFAULT 0,
  `created_at` timestamp NOT NULL DEFAULT current_timestamp(),
  PRIMARY KEY (`id`)
) ENGINE=InnoDB AUTO_INCREMENT=5 DEFAULT CHARSET=utf8mb4 COLLATE=utf8mb4_general_ci;
/*!40101 SET character_set_client = @saved_cs_client */;

--
-- Dumping data for table `membership_plans`
--

LOCK TABLES `membership_plans` WRITE;
/*!40000 ALTER TABLE `membership_plans` DISABLE KEYS */;
INSERT INTO `membership_plans` VALUES (1,'Pro 1 tháng',1,50000,'Trải nghiệm đầy đủ tính năng Pro trong 1 tháng','Mở khóa tất cả khóa học|Luyện nói với AI chấm điểm|Bài test Listening và Reading|Theo dõi tiến độ học tập',0,'2026-03-25 15:54:08'),(2,'Pro 3 tháng',3,120000,'Tiết kiệm 17% so với gói 1 tháng','Mở khóa tất cả khóa học|Luyện nói với AI chấm điểm|Bài test Listening và Reading|Theo dõi tiến độ học tập|Báo cáo chi tiết',1,'2026-03-25 15:54:08'),(3,'Pro 12 tháng',12,400000,'Tiết kiệm 33%, phù hợp học dài hạn','Mở khóa tất cả khóa học|Luyện nói với AI chấm điểm|Bài test Listening và Reading|Theo dõi tiến độ học tập|Báo cáo chi tiết|Ưu tiên tính năng mới',0,'2026-03-25 15:54:08'),(4,'Pro 12 tháng',12,350000,'Gói Pro 12 tháng, tiết kiệm 42%','Mở khóa tất cả khóa học|Luyện nói với AI chấm điểm|Bài test Listening và Reading|Theo dõi tiến độ học tập|Ưu tiên hỗ trợ',0,'2026-03-31 04:53:51');
/*!40000 ALTER TABLE `membership_plans` ENABLE KEYS */;
UNLOCK TABLES;

--
-- Table structure for table `questions`
--

DROP TABLE IF EXISTS `questions`;
/*!40101 SET @saved_cs_client     = @@character_set_client */;
/*!40101 SET character_set_client = utf8 */;
CREATE TABLE `questions` (
  `id` int(11) NOT NULL AUTO_INCREMENT,
  `test_id` int(11) NOT NULL,
  `question_text` text NOT NULL,
  `question_type` enum('multiple_choice','true_false','fill_blank') NOT NULL DEFAULT 'multiple_choice',
  `options_json` longtext CHARACTER SET utf8mb4 COLLATE utf8mb4_bin DEFAULT NULL CHECK (json_valid(`options_json`)),
  `correct_answer` varchar(255) NOT NULL,
  `audio_url` varchar(255) DEFAULT NULL,
  `passage` text DEFAULT NULL,
  `points` int(11) DEFAULT 1,
  `sort_order` int(11) DEFAULT 0,
  PRIMARY KEY (`id`),
  KEY `idx_test` (`test_id`),
  CONSTRAINT `questions_ibfk_1` FOREIGN KEY (`test_id`) REFERENCES `tests` (`id`) ON DELETE CASCADE
) ENGINE=InnoDB AUTO_INCREMENT=327 DEFAULT CHARSET=utf8mb4 COLLATE=utf8mb4_unicode_ci;
/*!40101 SET character_set_client = @saved_cs_client */;

--
-- Dumping data for table `questions`
--

LOCK TABLES `questions` WRITE;
/*!40000 ALTER TABLE `questions` DISABLE KEYS */;
INSERT INTO `questions` VALUES (14,1,'What does \"routine\" mean?','multiple_choice','[\"A thing done regularly\",\"A type of exercise\",\"A greeting phrase\",\"A cooking method\"]','A thing done regularly',NULL,NULL,1,1),(15,1,'Choose the correct meaning of \"commute\":','multiple_choice','[\"To communicate with someone\",\"To travel regularly between work and home\",\"To compute something\",\"To compete in a race\"]','To travel regularly between work and home',NULL,NULL,1,2),(16,1,'What is the meaning of \"leisure\"?','multiple_choice','[\"Work time\",\"Free time for enjoyment\",\"Study time\",\"Sleep time\"]','Free time for enjoyment',NULL,NULL,1,3),(17,1,'\"Appointment\" means:','multiple_choice','[\"A surprise visit\",\"A scheduled meeting\",\"A casual chat\",\"A random event\"]','A scheduled meeting',NULL,NULL,1,4),(18,1,'The word \"neighbor\" refers to:','multiple_choice','[\"A family member\",\"A colleague\",\"A person living nearby\",\"A stranger\"]','A person living nearby',NULL,NULL,1,5),(19,1,'\"Household\" is related to:','multiple_choice','[\"Office work\",\"Home and family\",\"School activities\",\"Travel plans\"]','Home and family',NULL,NULL,1,6),(20,1,'What is \"schedule\"?','multiple_choice','[\"A plan of activities\",\"A type of food\",\"A sport\",\"A place\"]','A plan of activities',NULL,NULL,1,7),(21,1,'\"Greeting\" means:','multiple_choice','[\"Loi chao\",\"Loi hua\",\"Loi khuyen\",\"Loi moi\"]','Lời chào',NULL,NULL,1,8),(22,1,'True or False: \"Introduce\" means to make someone known to another.','true_false','[\"True\",\"False\"]','True',NULL,NULL,1,9),(23,1,'Fill in the blank: I usually have cereal for _____.','fill_blank',NULL,'breakfast',NULL,NULL,1,10),(24,1,'What does \"chore\" mean?','multiple_choice','[\"A regular household task\",\"A type of music\",\"A dance style\",\"A cooking method\"]','A regular household task',NULL,NULL,1,11),(25,1,'Choose the correct word: She _____ up at 6 AM every day.','multiple_choice','[\"wakes\",\"makes\",\"takes\",\"bakes\"]','wakes',NULL,NULL,1,12),(26,1,'\"Colleague\" means:','multiple_choice','[\"A family member\",\"A co-worker\",\"A neighbor\",\"A stranger\"]','A co-worker',NULL,NULL,1,13),(27,1,'What is the opposite of \"morning\"?','multiple_choice','[\"Afternoon\",\"Evening\",\"Night\",\"Dawn\"]','Evening',NULL,NULL,1,14),(28,1,'Fill in: He takes a _____ every morning before work.','fill_blank',NULL,'shower',NULL,NULL,1,15),(29,1,'\"Grocery\" refers to:','multiple_choice','[\"Cleaning supplies\",\"Food and household items from a store\",\"Electronic devices\",\"Clothing items\"]','Food and household items from a store',NULL,NULL,1,16),(30,1,'True or False: \"Commute\" means the daily travel to work.','true_false','[\"True\",\"False\"]','True',NULL,NULL,1,17),(31,1,'What does \"suburb\" mean?','multiple_choice','[\"City center\",\"A residential area outside the city\",\"A park\",\"A market\"]','A residential area outside the city',NULL,NULL,1,18),(32,1,'\"Balcony\" is a part of:','multiple_choice','[\"A car\",\"A building\",\"A computer\",\"A garden\"]','A building',NULL,NULL,1,19),(33,1,'Choose: I need to _____ the dishes after dinner.','multiple_choice','[\"wash\",\"watch\",\"wish\",\"walk\"]','wash',NULL,NULL,1,20),(34,1,'What does \"laundry\" mean?','multiple_choice','[\"Cooking\",\"Cleaning clothes\",\"Shopping\",\"Gardening\"]','Cleaning clothes',NULL,NULL,1,21),(35,1,'Fill in: We have dinner at _____ PM.','fill_blank',NULL,'seven',NULL,NULL,1,22),(36,1,'\"Weekend\" consists of:','multiple_choice','[\"Monday and Tuesday\",\"Saturday and Sunday\",\"Wednesday and Thursday\",\"Friday and Saturday\"]','Saturday and Sunday',NULL,NULL,1,23),(37,1,'True or False: \"Midnight\" means 12 AM.','true_false','[\"True\",\"False\"]','True',NULL,NULL,1,24),(38,1,'What is a \"deadline\"?','multiple_choice','[\"A finishing line\",\"The latest time something must be completed\",\"A type of road\",\"A phone line\"]','The latest time something must be completed',NULL,NULL,1,25),(39,1,'\"Convenient\" means:','multiple_choice','[\"Difficult\",\"Easy to use or suitable\",\"Expensive\",\"Dangerous\"]','Easy to use or suitable',NULL,NULL,1,26),(40,1,'Choose: She _____ to work by bus every day.','multiple_choice','[\"goes\",\"does\",\"makes\",\"puts\"]','goes',NULL,NULL,1,27),(41,1,'Fill in: Good _____! How are you today?','fill_blank',NULL,'morning',NULL,NULL,1,28),(42,1,'What is \"overtime\"?','multiple_choice','[\"Working extra hours\",\"A holiday\",\"A weekend\",\"A lunch break\"]','Working extra hours',NULL,NULL,1,29),(43,1,'True or False: \"Brunch\" is a meal between breakfast and lunch.','true_false','[\"True\",\"False\"]','True',NULL,NULL,1,30),(44,4,'What does \"departure\" mean?','multiple_choice','[\"Arrival\",\"Leaving a place\",\"Staying\",\"Sleeping\"]','Leaving a place',NULL,NULL,1,1),(45,4,'\"Destination\" refers to:','multiple_choice','[\"Starting point\",\"The place you are going to\",\"A vehicle\",\"A ticket\"]','The place you are going to',NULL,NULL,1,2),(46,4,'What is \"luggage\"?','multiple_choice','[\"Food supply\",\"Bags and suitcases for travel\",\"Money\",\"Medicine\"]','Bags and suitcases for travel',NULL,NULL,1,3),(47,4,'\"Reservation\" means:','multiple_choice','[\"An advanced booking\",\"A cancellation\",\"A complaint\",\"A review\"]','An advanced booking',NULL,NULL,1,4),(48,4,'What is a \"passport\"?','multiple_choice','[\"A type of ticket\",\"An identity document for travel\",\"A hotel key\",\"A map\"]','An identity document for travel',NULL,NULL,1,5),(49,4,'Fill in: The _____ includes visits to 5 cities.','fill_blank',NULL,'itinerary',NULL,NULL,1,6),(50,4,'True or False: \"Currency\" refers to the money used in a country.','true_false','[\"True\",\"False\"]','True',NULL,NULL,1,7),(51,4,'\"Souvenir\" is:','multiple_choice','[\"A meal\",\"A gift bought on a trip\",\"A vehicle\",\"A document\"]','A gift bought on a trip',NULL,NULL,1,8),(52,4,'What does \"boarding pass\" mean?','multiple_choice','[\"A train ticket\",\"A card needed to get on a plane\",\"A hotel receipt\",\"A passport\"]','A card needed to get on a plane',NULL,NULL,1,9),(53,4,'\"Flight\" refers to:','multiple_choice','[\"A bus ride\",\"A journey by airplane\",\"Walking\",\"Swimming\"]','A journey by airplane',NULL,NULL,1,10),(54,4,'Choose: You should _____ your bags before traveling.','multiple_choice','[\"cook\",\"pack\",\"paint\",\"plant\"]','pack',NULL,NULL,1,11),(55,4,'What is \"customs\"?','multiple_choice','[\"A type of food\",\"The place at border where bags are checked\",\"A hotel\",\"A museum\"]','The place at border where bags are checked',NULL,NULL,1,12),(56,4,'Fill in: The taxi will take you to the _____.','fill_blank',NULL,'airport',NULL,NULL,1,13),(57,4,'True or False: \"Check-in\" is when you register at a hotel.','true_false','[\"True\",\"False\"]','True',NULL,NULL,1,14),(58,4,'\"Tour guide\" is a person who:','multiple_choice','[\"Drives a bus\",\"Shows visitors around places\",\"Cooks food\",\"Flies a plane\"]','Shows visitors around places',NULL,NULL,1,15),(59,4,'What does \"accommodation\" mean?','multiple_choice','[\"Food\",\"A place to stay\",\"Transportation\",\"Entertainment\"]','A place to stay',NULL,NULL,1,16),(60,4,'\"Delay\" means:','multiple_choice','[\"On time\",\"Late or postponed\",\"Early\",\"Cancelled\"]','Late or postponed',NULL,NULL,1,17),(61,4,'Choose the correct meaning of \"sightseeing\":','multiple_choice','[\"Shopping\",\"Visiting interesting places\",\"Eating out\",\"Sleeping\"]','Visiting interesting places',NULL,NULL,1,18),(62,4,'Fill in: Please fasten your seat _____.','fill_blank',NULL,'belt',NULL,NULL,1,19),(63,4,'True or False: \"Round trip\" means traveling to a place and back.','true_false','[\"True\",\"False\"]','True',NULL,NULL,1,20),(64,4,'What is an \"excursion\"?','multiple_choice','[\"A short trip for pleasure\",\"A long stay\",\"A job\",\"A school\"]','A short trip for pleasure',NULL,NULL,1,21),(65,4,'\"Exchange rate\" relates to:','multiple_choice','[\"Speed of a car\",\"The value of one currency against another\",\"Temperature\",\"Time zone\"]','The value of one currency against another',NULL,NULL,1,22),(66,4,'What does \"jet lag\" mean?','multiple_choice','[\"Fear of flying\",\"Tiredness after a long flight across time zones\",\"A type of aircraft\",\"A luggage tag\"]','Tiredness after a long flight across time zones',NULL,NULL,1,23),(67,4,'Fill in: I need to _____ a hotel room for next week.','fill_blank',NULL,'book',NULL,NULL,1,24),(68,4,'\"Departure gate\" is:','multiple_choice','[\"Hotel entrance\",\"The area at the airport where you board\",\"Restaurant door\",\"Train station exit\"]','The area at the airport where you board',NULL,NULL,1,25),(69,4,'True or False: \"One-way ticket\" means you only travel in one direction.','true_false','[\"True\",\"False\"]','True',NULL,NULL,1,26),(70,4,'What does \"backpacking\" mean?','multiple_choice','[\"Luxury travel\",\"Traveling cheaply with a backpack\",\"Business trip\",\"Cruise\"]','Traveling cheaply with a backpack',NULL,NULL,1,27),(71,4,'\"Layover\" means:','multiple_choice','[\"Final destination\",\"A stop between connecting flights\",\"A type of seat\",\"A meal on the plane\"]','A stop between connecting flights',NULL,NULL,1,28),(72,4,'Choose: Can you _____ me directions to the museum?','multiple_choice','[\"give\",\"take\",\"make\",\"do\"]','give',NULL,NULL,1,29),(73,4,'What is \"travel insurance\"?','multiple_choice','[\"A type of ticket\",\"Protection against travel problems\",\"A map\",\"A guidebook\"]','Protection against travel problems',NULL,NULL,1,30),(74,5,'What does \"ingredient\" mean?','multiple_choice','[\"A cooking tool\",\"A component used in cooking\",\"A type of dish\",\"A restaurant\"]','A component used in cooking',NULL,NULL,1,1),(75,5,'\"Recipe\" is:','multiple_choice','[\"A menu\",\"Instructions for preparing food\",\"A grocery list\",\"A cooking tool\"]','Instructions for preparing food',NULL,NULL,1,2),(76,5,'What is an \"appetizer\"?','multiple_choice','[\"Main course\",\"A small dish served before the main meal\",\"Dessert\",\"Beverage\"]','A small dish served before the main meal',NULL,NULL,1,3),(77,5,'\"Dessert\" comes:','multiple_choice','[\"Before the meal\",\"After the main course\",\"With the appetizer\",\"Instead of lunch\"]','After the main course',NULL,NULL,1,4),(78,5,'What does \"seasoning\" mean?','multiple_choice','[\"Sugar only\",\"Salt,herbs,and spices added to food\",\"A cooking method\",\"A type of fruit\"]','Salt,herbs,and spices added to food',NULL,NULL,1,5),(79,5,'Fill in: This _____ of pasta is enough for two.','fill_blank',NULL,'portion',NULL,NULL,1,6),(80,5,'True or False: \"Cuisine\" refers to a style of cooking.','true_false','[\"True\",\"False\"]','True',NULL,NULL,1,7),(81,5,'\"Beverage\" means:','multiple_choice','[\"A type of food\",\"A drink\",\"A dessert\",\"A side dish\"]','A drink',NULL,NULL,1,8),(82,5,'What does \"grill\" mean?','multiple_choice','[\"To boil\",\"To cook over direct heat\",\"To freeze\",\"To peel\"]','To cook over direct heat',NULL,NULL,1,9),(83,5,'\"Stir-fry\" is a method of:','multiple_choice','[\"Baking\",\"Cooking quickly in hot oil\",\"Steaming\",\"Boiling\"]','Cooking quickly in hot oil',NULL,NULL,1,10),(84,5,'Choose: Please _____ the vegetables before cooking.','multiple_choice','[\"wash\",\"watch\",\"wish\",\"wear\"]','wash',NULL,NULL,1,11),(85,5,'What is a \"chef\"?','multiple_choice','[\"A waiter\",\"A professional cook\",\"A customer\",\"A cashier\"]','A professional cook',NULL,NULL,1,12),(86,5,'Fill in: The soup is too _____. Add some water.','fill_blank',NULL,'salty',NULL,NULL,1,13),(87,5,'True or False: \"Organic food\" is grown without chemicals.','true_false','[\"True\",\"False\"]','True',NULL,NULL,1,14),(88,5,'\"Takeaway\" means:','multiple_choice','[\"Eating at a restaurant\",\"Food bought to eat elsewhere\",\"A cooking method\",\"A type of dessert\"]','Food bought to eat elsewhere',NULL,NULL,1,15),(89,5,'What does \"marinate\" mean?','multiple_choice','[\"To cook quickly\",\"To soak food in sauce before cooking\",\"To freeze food\",\"To slice food\"]','To soak food in sauce before cooking',NULL,NULL,1,16),(90,5,'\"Leftovers\" are:','multiple_choice','[\"Fresh ingredients\",\"Food remaining after a meal\",\"Spices\",\"Drinks\"]','Food remaining after a meal',NULL,NULL,1,17),(91,5,'Choose: I would like to _____ a table for two.','multiple_choice','[\"reserve\",\"preserve\",\"conserve\",\"observe\"]','reserve',NULL,NULL,1,18),(92,5,'Fill in: Can I have the _____ please? (to pay)','fill_blank',NULL,'bill',NULL,NULL,1,19),(93,5,'True or False: \"Vegetarian\" means someone who does not eat meat.','true_false','[\"True\",\"False\"]','True',NULL,NULL,1,20),(94,5,'What does \"bland\" mean for food?','multiple_choice','[\"Very spicy\",\"Having little flavor\",\"Very sour\",\"Very sweet\"]','Having little flavor',NULL,NULL,1,21),(95,5,'\"Simmer\" means to cook:','multiple_choice','[\"At very high heat\",\"Gently just below boiling\",\"In cold water\",\"In an oven\"]','Gently just below boiling',NULL,NULL,1,22),(96,5,'What is a \"buffet\"?','multiple_choice','[\"A fixed menu\",\"A self-service meal with many dishes\",\"A fast food restaurant\",\"A dessert\"]','A self-service meal with many dishes',NULL,NULL,1,23),(97,5,'Fill in: This dish is _____ . I love it! (delicious)','fill_blank',NULL,'delicious',NULL,NULL,1,24),(98,5,'\"Side dish\" is:','multiple_choice','[\"The main course\",\"A smaller dish served alongside the main\",\"A drink\",\"A dessert\"]','A smaller dish served alongside the main',NULL,NULL,1,25),(99,5,'True or False: \"Brunch\" combines breakfast and lunch.','true_false','[\"True\",\"False\"]','True',NULL,NULL,1,26),(100,5,'What does \"garnish\" mean?','multiple_choice','[\"The main ingredient\",\"A decoration added to food\",\"A cooking tool\",\"A spice\"]','A decoration added to food',NULL,NULL,1,27),(101,5,'\"Peel\" means:','multiple_choice','[\"To cut into pieces\",\"To remove the skin of a fruit\",\"To cook in water\",\"To mix ingredients\"]','To remove the skin of a fruit',NULL,NULL,1,28),(102,5,'Choose: The cake was _____ by my grandmother.','multiple_choice','[\"baked\",\"boiled\",\"fried\",\"grilled\"]','baked',NULL,NULL,1,29),(103,5,'What is \"table manners\"?','multiple_choice','[\"Table decoration\",\"Polite behavior while eating\",\"A recipe\",\"A menu\"]','Polite behavior while eating',NULL,NULL,1,30),(104,7,'What does \"scholarship\" mean?','multiple_choice','[\"A type of exam\",\"Financial aid for students\",\"A school building\",\"A textbook\"]','Financial aid for students',NULL,NULL,1,1),(105,7,'\"Semester\" is:','multiple_choice','[\"A full school year\",\"Half of an academic year\",\"A single class\",\"A type of test\"]','Half of an academic year',NULL,NULL,1,2),(106,7,'What is a \"degree\"?','multiple_choice','[\"A temperature unit only\",\"An academic qualification\",\"A school subject\",\"A type of book\"]','An academic qualification',NULL,NULL,1,3),(107,7,'\"Tuition\" refers to:','multiple_choice','[\"Teaching method\",\"Fees paid for education\",\"A classroom\",\"School uniform\"]','Fees paid for education',NULL,NULL,1,4),(108,7,'What does \"curriculum\" mean?','multiple_choice','[\"A textbook\",\"The subjects in a course of study\",\"A school event\",\"A library\"]','The subjects in a course of study',NULL,NULL,1,5),(109,7,'Fill in: The homework _____ is due tomorrow.','fill_blank',NULL,'assignment',NULL,NULL,1,6),(110,7,'True or False: A \"lecture\" is a talk given to teach.','true_false','[\"True\",\"False\"]','True',NULL,NULL,1,7),(111,7,'\"Enrollment\" means:','multiple_choice','[\"Dropping out\",\"Registering for a course\",\"Graduating\",\"Teaching\"]','Registering for a course',NULL,NULL,1,8),(112,7,'What does \"graduate\" mean?','multiple_choice','[\"To fail\",\"To complete a course of study\",\"To enroll\",\"To skip class\"]','To complete a course of study',NULL,NULL,1,9),(113,7,'\"Campus\" is:','multiple_choice','[\"A classroom\",\"The grounds of a university\",\"A textbook\",\"An exam\"]','The grounds of a university',NULL,NULL,1,10),(114,7,'What is a \"dissertation\"?','multiple_choice','[\"A short quiz\",\"A long essay for a degree\",\"A class schedule\",\"A report card\"]','A long essay for a degree',NULL,NULL,1,11),(115,7,'Choose: The students took an _____ yesterday.','multiple_choice','[\"exam\",\"example\",\"exercise\",\"exit\"]','exam',NULL,NULL,1,12),(116,7,'\"Dean\" is:','multiple_choice','[\"A student\",\"The head of a university faculty\",\"A janitor\",\"A librarian\"]','The head of a university faculty',NULL,NULL,1,13),(117,7,'Fill in: She is studying for her master _____.','fill_blank',NULL,'degree',NULL,NULL,1,14),(118,7,'True or False: \"Plagiarism\" is copying someone else work.','true_false','[\"True\",\"False\"]','True',NULL,NULL,1,15),(119,7,'What does \"GPA\" stand for?','multiple_choice','[\"General Purpose Application\",\"Grade Point Average\",\"Global Progress Assessment\",\"Group Project Assignment\"]','Grade Point Average',NULL,NULL,1,16),(120,7,'\"Thesis\" is:','multiple_choice','[\"A type of test\",\"A statement to be proved\",\"A school subject\",\"A degree\"]','A statement to be proved',NULL,NULL,1,17),(121,7,'What is \"dormitory\"?','multiple_choice','[\"A classroom\",\"Student housing at a school\",\"A library\",\"A cafeteria\"]','Student housing at a school',NULL,NULL,1,18),(122,7,'Fill in: The _____ starts at 8 AM.','fill_blank',NULL,'lecture',NULL,NULL,1,19),(123,7,'True or False: An \"elective\" is a required course.','true_false','[\"True\",\"False\"]','False',NULL,NULL,1,20),(124,7,'\"Professor\" is:','multiple_choice','[\"A student\",\"A university teacher\",\"A parent\",\"A coach\"]','A university teacher',NULL,NULL,1,21),(125,7,'What does \"attendance\" mean?','multiple_choice','[\"Homework\",\"Being present at school\",\"A grade\",\"A diploma\"]','Being present at school',NULL,NULL,1,22),(126,7,'Choose: He received a _____ for excellent grades.','multiple_choice','[\"punishment\",\"scholarship\",\"warning\",\"delay\"]','scholarship',NULL,NULL,1,23),(127,7,'\"Syllabus\" is:','multiple_choice','[\"A notebook\",\"An outline of a course\",\"A textbook\",\"A school rule\"]','An outline of a course',NULL,NULL,1,24),(128,7,'Fill in: The university has a beautiful _____.','fill_blank',NULL,'campus',NULL,NULL,1,25),(129,7,'True or False: \"Extracurricular\" means outside normal classes.','true_false','[\"True\",\"False\"]','True',NULL,NULL,1,26),(130,7,'What is \"valedictorian\"?','multiple_choice','[\"The worst student\",\"The top-ranked student\",\"A teacher\",\"A principal\"]','The top-ranked student',NULL,NULL,1,27),(131,7,'\"Transcript\" contains:','multiple_choice','[\"Photos\",\"A student official academic record\",\"Money\",\"Letters\"]','A student official academic record',NULL,NULL,1,28),(132,7,'Choose: She _____ from university last year.','multiple_choice','[\"graduated\",\"studied\",\"enrolled\",\"dropped\"]','graduated',NULL,NULL,1,29),(133,7,'What does \"alumni\" mean?','multiple_choice','[\"Current students\",\"Former students of a school\",\"Teachers\",\"Parents\"]','Former students of a school',NULL,NULL,1,30),(134,9,'What is an \"algorithm\"?','multiple_choice','[\"A computer brand\",\"A step-by-step procedure for solving a problem\",\"A programming language\",\"A type of hardware\"]','A step-by-step procedure for solving a problem',NULL,NULL,1,1),(135,9,'\"Database\" stores:','multiple_choice','[\"Physical files\",\"Organized digital data\",\"Computer hardware\",\"Electricity\"]','Organized digital data',NULL,NULL,1,2),(136,9,'What does \"software\" mean?','multiple_choice','[\"Physical computer parts\",\"Programs and applications\",\"A type of cable\",\"A monitor\"]','Programs and applications',NULL,NULL,1,3),(137,9,'\"Hardware\" refers to:','multiple_choice','[\"Apps\",\"Physical computer components\",\"Websites\",\"Emails\"]','Physical computer components',NULL,NULL,1,4),(138,9,'What is \"cybersecurity\"?','multiple_choice','[\"A social media platform\",\"Protection of computer systems from threats\",\"A programming language\",\"A type of software\"]','Protection of computer systems from threats',NULL,NULL,1,5),(139,9,'Fill in: _____ intelligence can learn from data.','fill_blank',NULL,'Artificial',NULL,NULL,1,6),(140,9,'True or False: \"Cloud computing\" uses remote servers on the internet.','true_false','[\"True\",\"False\"]','True',NULL,NULL,1,7),(141,9,'\"Bandwidth\" is:','multiple_choice','[\"Screen size\",\"Data transfer capacity\",\"Battery life\",\"Storage space\"]','Data transfer capacity',NULL,NULL,1,8),(142,9,'What does \"encryption\" do?','multiple_choice','[\"Deletes data\",\"Converts data into a secret code\",\"Speeds up internet\",\"Creates websites\"]','Converts data into a secret code',NULL,NULL,1,9),(143,9,'\"Interface\" means:','multiple_choice','[\"A wire\",\"The point of interaction between user and computer\",\"A type of virus\",\"An email\"]','The point of interaction between user and computer',NULL,NULL,1,10),(144,9,'What is \"Wi-Fi\"?','multiple_choice','[\"A cable\",\"Wireless internet connection\",\"A browser\",\"An app\"]','Wireless internet connection',NULL,NULL,1,11),(145,9,'Choose: You need to _____ the app to the latest version.','multiple_choice','[\"delete\",\"update\",\"create\",\"draw\"]','update',NULL,NULL,1,12),(146,9,'\"Bug\" in programming means:','multiple_choice','[\"An insect\",\"An error in code\",\"A feature\",\"A type of file\"]','An error in code',NULL,NULL,1,13),(147,9,'Fill in: The _____ is the brain of the computer. (3 letters)','fill_blank',NULL,'CPU',NULL,NULL,1,14),(148,9,'True or False: \"Open source\" software is free to use and modify.','true_false','[\"True\",\"False\"]','True',NULL,NULL,1,15),(149,9,'What is \"malware\"?','multiple_choice','[\"Good software\",\"Malicious software designed to harm\",\"A browser\",\"An operating system\"]','Malicious software designed to harm',NULL,NULL,1,16),(150,9,'\"Backup\" means:','multiple_choice','[\"Delete files\",\"Copy data for safety\",\"Install software\",\"Shut down\"]','Copy data for safety',NULL,NULL,1,17),(151,9,'What does \"URL\" stand for?','multiple_choice','[\"Universal Resource Locator\",\"Uniform Resource Locator\",\"United Resource Link\",\"User Resource Location\"]','Uniform Resource Locator',NULL,NULL,1,18),(152,9,'Fill in: Please check your _____ for the confirmation message.','fill_blank',NULL,'email',NULL,NULL,1,19),(153,9,'True or False: \"Phishing\" is a type of cyber attack using fake emails.','true_false','[\"True\",\"False\"]','True',NULL,NULL,1,20),(154,9,'\"Server\" is:','multiple_choice','[\"A waiter\",\"A computer that provides services to others\",\"A keyboard\",\"A mouse\"]','A computer that provides services to others',NULL,NULL,1,21),(155,9,'What is \"blockchain\"?','multiple_choice','[\"A social network\",\"A distributed digital ledger\",\"A game\",\"An email service\"]','A distributed digital ledger',NULL,NULL,1,22),(156,9,'Choose: She is learning to _____ in Python.','multiple_choice','[\"drive\",\"code\",\"cook\",\"sing\"]','code',NULL,NULL,1,23),(157,9,'\"Router\" is used to:','multiple_choice','[\"Print documents\",\"Connect devices to a network\",\"Store files\",\"Play music\"]','Connect devices to a network',NULL,NULL,1,24),(158,9,'Fill in: My computer has 16 GB of _____.','fill_blank',NULL,'RAM',NULL,NULL,1,25),(159,9,'True or False: \"VPN\" provides a secure internet connection.','true_false','[\"True\",\"False\"]','True',NULL,NULL,1,26),(160,9,'What does \"download\" mean?','multiple_choice','[\"Send data to internet\",\"Receive data from internet\",\"Delete data\",\"Print data\"]','Receive data from internet',NULL,NULL,1,27),(161,9,'\"Pixel\" is:','multiple_choice','[\"A sound unit\",\"The smallest unit of a digital image\",\"A type of cable\",\"A software\"]','The smallest unit of a digital image',NULL,NULL,1,28),(162,9,'Choose: The website _____ very slowly today.','multiple_choice','[\"eats\",\"loads\",\"walks\",\"sleeps\"]','loads',NULL,NULL,1,29),(163,9,'What is \"API\"?','multiple_choice','[\"A programming language\",\"A way for software to communicate\",\"A type of database\",\"A web browser\"]','A way for software to communicate',NULL,NULL,1,30),(164,11,'What does \"symptom\" mean?','multiple_choice','[\"A medicine\",\"A sign of illness\",\"A doctor\",\"A hospital\"]','A sign of illness',NULL,NULL,1,1),(165,11,'\"Prescription\" is:','multiple_choice','[\"A type of exercise\",\"A doctor written order for medicine\",\"A diet plan\",\"A hospital room\"]','A doctor written order for medicine',NULL,NULL,1,2),(166,11,'What is \"diagnosis\"?','multiple_choice','[\"A treatment\",\"Identifying a disease\",\"A type of medicine\",\"A medical tool\"]','Identifying a disease',NULL,NULL,1,3),(167,11,'\"Nutrition\" refers to:','multiple_choice','[\"Exercise\",\"The process of getting proper food\",\"Sleep quality\",\"Medicine\"]','The process of getting proper food',NULL,NULL,1,4),(168,11,'What does \"exercise\" mean?','multiple_choice','[\"Sleeping\",\"Physical activity for health\",\"Eating\",\"Reading\"]','Physical activity for health',NULL,NULL,1,5),(169,11,'Fill in: She got a _____ for the flu.','fill_blank',NULL,'vaccination',NULL,NULL,1,6),(170,11,'True or False: \"Therapy\" is treatment for illness or disability.','true_false','[\"True\",\"False\"]','True',NULL,NULL,1,7),(171,11,'\"Metabolism\" is:','multiple_choice','[\"A disease\",\"The body process of converting food to energy\",\"A medicine\",\"A diet\"]','The body process of converting food to energy',NULL,NULL,1,8),(172,11,'What is an \"allergy\"?','multiple_choice','[\"A cure\",\"A harmful reaction to a substance\",\"A vitamin\",\"A workout\"]','A harmful reaction to a substance',NULL,NULL,1,9),(173,11,'\"Blood pressure\" measures:','multiple_choice','[\"Body temperature\",\"Force of blood against artery walls\",\"Heart size\",\"Lung capacity\"]','Force of blood against artery walls',NULL,NULL,1,10),(174,11,'What does \"fever\" mean?','multiple_choice','[\"Low temperature\",\"High body temperature due to illness\",\"Normal health\",\"A headache\"]','High body temperature due to illness',NULL,NULL,1,11),(175,11,'Choose: The doctor _____ me some antibiotics.','multiple_choice','[\"gave\",\"cooked\",\"drove\",\"sang\"]','gave',NULL,NULL,1,12),(176,11,'\"Chronic\" disease means:','multiple_choice','[\"Short-term\",\"Long-lasting\",\"Mild\",\"Curable\"]','Long-lasting',NULL,NULL,1,13),(177,11,'Fill in: I have a sore _____ and cannot swallow.','fill_blank',NULL,'throat',NULL,NULL,1,14),(178,11,'True or False: \"Calories\" measure the energy in food.','true_false','[\"True\",\"False\"]','True',NULL,NULL,1,15),(179,11,'What is \"physical therapy\"?','multiple_choice','[\"Medicine\",\"Treatment using exercises and movement\",\"Surgery\",\"A blood test\"]','Treatment using exercises and movement',NULL,NULL,1,16),(180,11,'\"Immune system\" helps the body fight:','multiple_choice','[\"Hunger\",\"Diseases and infections\",\"Sleep\",\"Stress\"]','Diseases and infections',NULL,NULL,1,17),(181,11,'Choose: You should _____ at least 8 glasses of water daily.','multiple_choice','[\"eat\",\"drink\",\"sleep\",\"run\"]','drink',NULL,NULL,1,18),(182,11,'Fill in: Regular _____ helps you stay healthy.','fill_blank',NULL,'exercise',NULL,NULL,1,19),(183,11,'True or False: \"BMI\" stands for Body Mass Index.','true_false','[\"True\",\"False\"]','True',NULL,NULL,1,20),(184,11,'What does \"insomnia\" mean?','multiple_choice','[\"Sleeping too much\",\"Difficulty sleeping\",\"A headache\",\"A stomach problem\"]','Difficulty sleeping',NULL,NULL,1,21),(185,11,'\"Surgeon\" is a doctor who:','multiple_choice','[\"Gives advice\",\"Performs operations\",\"Prescribes glasses\",\"Tests blood\"]','Performs operations',NULL,NULL,1,22),(186,11,'Choose: She went to the _____ for a check-up.','multiple_choice','[\"restaurant\",\"hospital\",\"school\",\"library\"]','hospital',NULL,NULL,1,23),(187,11,'\"Vitamin\" is:','multiple_choice','[\"A disease\",\"A nutrient the body needs\",\"A medicine\",\"A type of exercise\"]','A nutrient the body needs',NULL,NULL,1,24),(188,11,'Fill in: Please take this _____ twice a day after meals.','fill_blank',NULL,'medicine',NULL,NULL,1,25),(189,11,'True or False: \"Anxiety\" is a feeling of worry or fear.','true_false','[\"True\",\"False\"]','True',NULL,NULL,1,26),(190,11,'What is \"first aid\"?','multiple_choice','[\"Final treatment\",\"Emergency care given before professional help\",\"A hospital ward\",\"A pharmacy\"]','Emergency care given before professional help',NULL,NULL,1,27),(191,11,'\"Stretching\" before exercise helps prevent:','multiple_choice','[\"Hunger\",\"Injuries\",\"Sleep\",\"Thirst\"]','Injuries',NULL,NULL,1,28),(192,11,'Choose: A balanced _____ includes fruits and vegetables.','multiple_choice','[\"sleep\",\"diet\",\"exercise\",\"hobby\"]','diet',NULL,NULL,1,29),(193,11,'What does \"recovery\" mean?','multiple_choice','[\"Getting sick\",\"The process of getting better after illness\",\"A diagnosis\",\"A symptom\"]','The process of getting better after illness',NULL,NULL,1,30),(194,2,'Listen: \"I wake up at 6 AM every morning.\" What time does the speaker wake up?','multiple_choice','[\"5 AM\",\"6 AM\",\"7 AM\",\"8 AM\"]','6 AM',NULL,NULL,1,1),(195,2,'Listen: \"She takes the bus to work.\" How does she go to work?','multiple_choice','[\"By car\",\"By bus\",\"By train\",\"On foot\"]','By bus',NULL,NULL,1,2),(196,2,'Listen: \"We usually have dinner at 7 PM.\" When do they have dinner?','multiple_choice','[\"6 PM\",\"7 PM\",\"8 PM\",\"9 PM\"]','7 PM',NULL,NULL,1,3),(197,2,'Listen: \"He goes jogging in the park every Saturday.\" When does he go jogging?','multiple_choice','[\"Every day\",\"Every Sunday\",\"Every Saturday\",\"Every Friday\"]','Every Saturday',NULL,NULL,1,4),(198,2,'Listen: \"My mother cooks breakfast for the family.\" Who cooks breakfast?','multiple_choice','[\"Father\",\"Mother\",\"Sister\",\"Brother\"]','Mother',NULL,NULL,1,5),(199,2,'Listen: \"I do my homework after school.\" When does the student do homework?','multiple_choice','[\"Before school\",\"During lunch\",\"After school\",\"At midnight\"]','After school',NULL,NULL,1,6),(200,2,'Listen: \"They watch TV in the evening.\" What do they do in the evening?','multiple_choice','[\"Read books\",\"Watch TV\",\"Play sports\",\"Cook dinner\"]','Watch TV',NULL,NULL,1,7),(201,2,'True or False: \"I never skip breakfast\" means the speaker always eats breakfast.','true_false','[\"True\",\"False\"]','True',NULL,NULL,1,8),(202,2,'Listen: \"The meeting starts at 9 AM sharp.\" What time is the meeting?','multiple_choice','[\"8 AM\",\"8:30 AM\",\"9 AM\",\"9:30 AM\"]','9 AM',NULL,NULL,1,9),(203,2,'Listen: \"She brushes her teeth twice a day.\" How often does she brush?','multiple_choice','[\"Once a day\",\"Twice a day\",\"Three times a day\",\"Never\"]','Twice a day',NULL,NULL,1,10),(204,2,'Fill in: \"I _____ to bed at 10 PM.\" (go)','fill_blank',NULL,'go',NULL,NULL,1,11),(205,2,'Listen: \"He walks his dog every morning.\" What pet does he have?','multiple_choice','[\"Cat\",\"Dog\",\"Bird\",\"Fish\"]','Dog',NULL,NULL,1,12),(206,2,'Listen: \"We go grocery shopping on Sundays.\" When do they shop?','multiple_choice','[\"Mondays\",\"Wednesdays\",\"Fridays\",\"Sundays\"]','Sundays',NULL,NULL,1,13),(207,2,'True or False: \"I sometimes work overtime\" means the speaker always works extra hours.','true_false','[\"True\",\"False\"]','False',NULL,NULL,1,14),(208,2,'Listen: \"She reads a book before sleeping.\" What does she do before bed?','multiple_choice','[\"Watches TV\",\"Reads a book\",\"Exercises\",\"Cooks\"]','Reads a book',NULL,NULL,1,15),(209,3,'According to the passage, what is the best way to save money on flights?','multiple_choice','[\"Book at the airport\",\"Book in advance online\",\"Ask a travel agent\",\"Fly first class\"]','Book in advance online',NULL,'Planning a trip can be exciting but also stressful. To save money, it is best to book flights in advance online. Many airlines offer early bird discounts if you book at least 3 months ahead. You should also compare prices on different websites. Traveling during the off-season is another great way to save money, as hotels and flights are much cheaper.',1,1),(210,3,'When should you book flights for discounts?','multiple_choice','[\"1 week before\",\"1 month before\",\"At least 3 months before\",\"The day of travel\"]','At least 3 months before',NULL,NULL,1,2),(211,3,'What makes off-season travel cheaper?','multiple_choice','[\"Better weather\",\"Lower demand means lower prices\",\"More flights available\",\"Longer vacations\"]','Lower demand means lower prices',NULL,NULL,1,3),(212,3,'What is the main topic of this passage?','multiple_choice','[\"Cooking tips\",\"Money-saving travel tips\",\"Exercise routines\",\"Study habits\"]','Money-saving travel tips',NULL,NULL,1,4),(213,3,'According to the passage, what happened at the hotel?','multiple_choice','[\"The room was dirty\",\"The staff was very helpful and friendly\",\"The food was bad\",\"There was no hot water\"]','The staff was very helpful and friendly',NULL,'Last summer, my family and I traveled to Da Nang, Vietnam. We stayed at a beautiful hotel near the beach. The staff was very helpful and friendly. Every morning, we went swimming in the sea and ate fresh seafood for lunch. In the afternoon, we visited the Marble Mountains and took many photos. It was the best vacation we ever had.',1,5),(214,3,'Where did the family travel?','multiple_choice','[\"Ha Noi\",\"Ho Chi Minh\",\"Da Nang\",\"Hue\"]','Da Nang',NULL,NULL,1,6),(215,3,'What did they do every morning?','multiple_choice','[\"Visited temples\",\"Went swimming\",\"Went shopping\",\"Stayed in the hotel\"]','Went swimming',NULL,NULL,1,7),(216,3,'What did they eat for lunch?','multiple_choice','[\"Pizza\",\"Fresh seafood\",\"Rice\",\"Noodles\"]','Fresh seafood',NULL,NULL,1,8),(217,3,'True or False: They visited the Marble Mountains in the morning.','true_false','[\"True\",\"False\"]','False',NULL,NULL,1,9),(218,3,'According to the passage, why is a passport important?','multiple_choice','[\"To buy souvenirs\",\"It is required to enter another country\",\"To book hotels\",\"To rent a car\"]','It is required to enter another country',NULL,'When traveling abroad, there are several important documents you must prepare. First, you need a valid passport. Some countries also require a visa, which you must apply for before your trip. It is wise to make copies of all your documents and keep them in a separate bag. You should also have travel insurance in case of emergencies such as lost luggage or medical problems.',1,10),(219,3,'What should you do with copies of your documents?','multiple_choice','[\"Throw them away\",\"Keep in the same bag\",\"Keep in a separate bag\",\"Give to a friend\"]','Keep in a separate bag',NULL,NULL,1,11),(220,3,'Why is travel insurance important?','multiple_choice','[\"For discounts\",\"For emergencies like lost luggage or medical problems\",\"For booking flights\",\"For getting visas\"]','For emergencies like lost luggage or medical problems',NULL,NULL,1,12),(221,3,'Fill in: You need a valid _____ to travel abroad.','fill_blank',NULL,'passport',NULL,NULL,1,13),(222,3,'True or False: All countries require a visa for entry.','true_false','[\"True\",\"False\"]','False',NULL,NULL,1,14),(223,3,'What is the main advice of the passage?','multiple_choice','[\"Travel light\",\"Prepare documents carefully before traveling\",\"Always fly first class\",\"Never buy insurance\"]','Prepare documents carefully before traveling',NULL,NULL,1,15),(224,6,'What is the main idea of this passage?','multiple_choice','[\"How to exercise\",\"The importance of a balanced diet\",\"How to travel\",\"How to study\"]','The importance of a balanced diet',NULL,'A balanced diet is essential for good health. It should include a variety of foods from all food groups: fruits, vegetables, grains, protein, and dairy. Eating too much processed food can lead to health problems such as obesity, heart disease, and diabetes. Experts recommend eating at least five servings of fruits and vegetables every day. Drinking plenty of water is also important for staying healthy.',1,1),(225,6,'How many servings of fruits and vegetables are recommended?','multiple_choice','[\"Two\",\"Three\",\"Four\",\"At least five\"]','At least five',NULL,NULL,1,2),(226,6,'What problems can processed food cause?','multiple_choice','[\"Better health\",\"Obesity, heart disease, and diabetes\",\"More energy\",\"Better sleep\"]','Obesity, heart disease, and diabetes',NULL,NULL,1,3),(227,6,'True or False: Drinking water is important for health.','true_false','[\"True\",\"False\"]','True',NULL,NULL,1,4),(228,6,'Fill in: A balanced _____ includes all food groups.','fill_blank',NULL,'diet',NULL,NULL,1,5),(229,6,'According to the passage, what is pho?','multiple_choice','[\"A dessert\",\"A traditional Vietnamese noodle soup\",\"A type of fruit\",\"A drink\"]','A traditional Vietnamese noodle soup',NULL,'Vietnamese cuisine is known worldwide for its fresh ingredients and unique flavors. Pho, a traditional noodle soup, is one of the most famous dishes. It is made with rice noodles, herbs, and either beef or chicken broth. Another popular dish is banh mi, a Vietnamese sandwich with French influence. Vietnamese food often uses fresh herbs like mint, cilantro, and basil, which give the dishes their distinctive taste.',1,6),(230,6,'What are the main ingredients of pho?','multiple_choice','[\"Wheat noodles and cheese\",\"Rice noodles, herbs, and broth\",\"Bread and butter\",\"Pasta and tomato sauce\"]','Rice noodles, herbs, and broth',NULL,NULL,1,7),(231,6,'What is banh mi?','multiple_choice','[\"A soup\",\"A Vietnamese sandwich\",\"A dessert\",\"A drink\"]','A Vietnamese sandwich',NULL,NULL,1,8),(232,6,'Which herbs are commonly used in Vietnamese food?','multiple_choice','[\"Rosemary and thyme\",\"Mint, cilantro, and basil\",\"Oregano and parsley\",\"Dill and sage\"]','Mint, cilantro, and basil',NULL,NULL,1,9),(233,6,'True or False: Banh mi has French influence.','true_false','[\"True\",\"False\"]','True',NULL,NULL,1,10),(234,6,'According to the passage, what has become trendy recently?','multiple_choice','[\"Fast food\",\"Farm-to-table dining\",\"Frozen food\",\"Canned food\"]','Farm-to-table dining',NULL,'The farm-to-table movement has become very popular in recent years. This concept means that restaurants buy ingredients directly from local farms. The food is fresher and more nutritious because it does not travel long distances. This also helps support local farmers and reduces the environmental impact of food transportation. Many people prefer farm-to-table restaurants because they know exactly where their food comes from.',1,11),(235,6,'Why is farm-to-table food fresher?','multiple_choice','[\"It is frozen\",\"It does not travel long distances\",\"It is imported\",\"It is processed\"]','It does not travel long distances',NULL,NULL,1,12),(236,6,'How does farm-to-table help the environment?','multiple_choice','[\"Uses more packaging\",\"Reduces food transportation impact\",\"Uses more electricity\",\"Produces more waste\"]','Reduces food transportation impact',NULL,NULL,1,13),(237,6,'Fill in: Farm-to-table restaurants buy from local _____.','fill_blank',NULL,'farms',NULL,NULL,1,14),(238,6,'What is the main benefit for consumers?','multiple_choice','[\"Cheaper prices\",\"They know where their food comes from\",\"Faster service\",\"Bigger portions\"]','They know where their food comes from',NULL,NULL,1,15),(239,8,'What is the main topic of this passage?','multiple_choice','[\"Sports\",\"The benefits of online learning\",\"Cooking\",\"Travel\"]','The benefits of online learning',NULL,'Online learning has transformed education in the 21st century. Students can now access courses from top universities around the world without leaving their homes. Platforms like Coursera, edX, and Khan Academy offer thousands of free and paid courses. Online learning provides flexibility, allowing students to study at their own pace. However, it also requires strong self-discipline and time management skills.',1,1),(240,8,'Name one platform mentioned for online learning.','multiple_choice','[\"Facebook\",\"Coursera\",\"Instagram\",\"YouTube\"]','Coursera',NULL,NULL,1,2),(241,8,'What skill does online learning require?','multiple_choice','[\"Cooking skills\",\"Self-discipline and time management\",\"Drawing skills\",\"Driving skills\"]','Self-discipline and time management',NULL,NULL,1,3),(242,8,'True or False: Online courses are only available for a fee.','true_false','[\"True\",\"False\"]','False',NULL,NULL,1,4),(243,8,'Fill in: Online learning provides _____ for students.','fill_blank',NULL,'flexibility',NULL,NULL,1,5),(244,8,'According to the passage, what do international students gain?','multiple_choice','[\"Only a degree\",\"Cultural understanding and global perspective\",\"Nothing special\",\"Just language skills\"]','Cultural understanding and global perspective',NULL,'Studying abroad is a dream for many students. Living in a foreign country helps students develop independence, learn a new language, and gain cultural understanding. Many universities offer exchange programs that last one or two semesters. While studying abroad can be expensive, there are many scholarships available. Students who study abroad often say it was the most valuable experience of their lives, giving them a global perspective and lifelong friendships.',1,6),(245,8,'How long do most exchange programs last?','multiple_choice','[\"One week\",\"One or two semesters\",\"Five years\",\"One day\"]','One or two semesters',NULL,NULL,1,7),(246,8,'What helps with the cost of studying abroad?','multiple_choice','[\"Nothing\",\"Scholarships\",\"Part-time jobs only\",\"Family loans only\"]','Scholarships',NULL,NULL,1,8),(247,8,'True or False: Students who study abroad often find it valuable.','true_false','[\"True\",\"False\"]','True',NULL,NULL,1,9),(248,8,'Fill in: Studying abroad helps develop _____.','fill_blank',NULL,'independence',NULL,NULL,1,10),(249,8,'What does STEM stand for in education?','multiple_choice','[\"Sports, Travel, English, Music\",\"Science, Technology, Engineering, Mathematics\",\"Study, Test, Exam, Mark\",\"School, Teacher, Education, Method\"]','Science, Technology, Engineering, Mathematics',NULL,'STEM education focuses on Science, Technology, Engineering, and Mathematics. Many countries are investing heavily in STEM programs because these fields are essential for innovation and economic growth. Schools are introducing coding and robotics classes from an early age. STEM careers are among the highest-paying and most in-demand jobs in the world. However, experts also emphasize the importance of combining STEM with arts and humanities for well-rounded education.',1,11),(250,8,'Why are countries investing in STEM?','multiple_choice','[\"For entertainment\",\"For innovation and economic growth\",\"For sports\",\"For tourism\"]','For innovation and economic growth',NULL,NULL,1,12),(251,8,'What new classes are schools introducing?','multiple_choice','[\"Cooking and sewing\",\"Coding and robotics\",\"Music and dance\",\"Drawing and painting\"]','Coding and robotics',NULL,NULL,1,13),(252,8,'True or False: STEM careers are generally low-paying.','true_false','[\"True\",\"False\"]','False',NULL,NULL,1,14),(253,8,'What should STEM be combined with for well-rounded education?','multiple_choice','[\"Sports only\",\"Arts and humanities\",\"Nothing\",\"More mathematics\"]','Arts and humanities',NULL,NULL,1,15),(254,10,'Listen: \"The password must be at least 8 characters.\" What is the minimum password length?','multiple_choice','[\"4 characters\",\"6 characters\",\"8 characters\",\"10 characters\"]','8 characters',NULL,NULL,1,1),(255,10,'Listen: \"Please restart your computer to apply the updates.\" What should you do?','multiple_choice','[\"Turn off the computer\",\"Restart the computer\",\"Delete the updates\",\"Ignore it\"]','Restart the computer',NULL,NULL,1,2),(256,10,'Listen: \"The file is too large to send by email.\" What is the problem?','multiple_choice','[\"Email is broken\",\"The file size is too big\",\"No internet\",\"Wrong address\"]','The file size is too big',NULL,NULL,1,3),(257,10,'Listen: \"You can store your files in the cloud.\" Where can files be stored?','multiple_choice','[\"In a drawer\",\"In the cloud\",\"On paper\",\"In a book\"]','In the cloud',NULL,NULL,1,4),(258,10,'Listen: \"Make sure to save your work before closing.\" What should you do first?','multiple_choice','[\"Close immediately\",\"Save your work\",\"Delete files\",\"Print everything\"]','Save your work',NULL,NULL,1,5),(259,10,'True or False: \"The website is down\" means the website is not working.','true_false','[\"True\",\"False\"]','True',NULL,NULL,1,6),(260,10,'Listen: \"She works as a software developer.\" What is her job?','multiple_choice','[\"Teacher\",\"Software developer\",\"Doctor\",\"Chef\"]','Software developer',NULL,NULL,1,7),(261,10,'Listen: \"The battery is running low. Please charge your laptop.\" What needs charging?','multiple_choice','[\"Phone\",\"Laptop\",\"Camera\",\"Tablet\"]','Laptop',NULL,NULL,1,8),(262,10,'Fill in: \"Please connect to the _____ network.\" (wireless internet)','fill_blank',NULL,'WiFi',NULL,NULL,1,9),(263,10,'Listen: \"Click on the download button to get the file.\" What button should you click?','multiple_choice','[\"Upload\",\"Delete\",\"Download\",\"Share\"]','Download',NULL,NULL,1,10),(264,10,'Listen: \"The printer is out of paper.\" What does the printer need?','multiple_choice','[\"Ink\",\"Paper\",\"Electricity\",\"WiFi\"]','Paper',NULL,NULL,1,11),(265,10,'True or False: \"Install the antivirus software\" means remove the protection.','true_false','[\"True\",\"False\"]','False',NULL,NULL,1,12),(266,10,'Listen: \"The meeting will be on Zoom at 3 PM.\" What platform is the meeting on?','multiple_choice','[\"Skype\",\"Teams\",\"Zoom\",\"Google Meet\"]','Zoom',NULL,NULL,1,13),(267,10,'Listen: \"He backed up all his photos to Google Drive.\" Where did he save his photos?','multiple_choice','[\"USB drive\",\"Google Drive\",\"CD\",\"Printed album\"]','Google Drive',NULL,NULL,1,14),(268,10,'Fill in: \"Do not click on suspicious _____ in emails.\" (web addresses)','fill_blank',NULL,'links',NULL,NULL,1,15),(269,12,'What is the main message of this passage?','multiple_choice','[\"Sleep is not important\",\"Getting enough sleep is crucial for health\",\"You should sleep less\",\"Sleep causes problems\"]','Getting enough sleep is crucial for health',NULL,'Sleep is one of the most important factors for good health. Adults need between 7 and 9 hours of sleep each night. Lack of sleep can lead to many health problems, including weakened immune system, weight gain, and poor concentration. To improve sleep quality, experts recommend maintaining a regular sleep schedule, avoiding screens before bedtime, and keeping the bedroom cool and dark. Good sleep hygiene can significantly improve both physical and mental health.',1,1),(270,12,'How many hours of sleep do adults need?','multiple_choice','[\"3-5 hours\",\"5-6 hours\",\"7-9 hours\",\"10-12 hours\"]','7-9 hours',NULL,NULL,1,2),(271,12,'What should you avoid before bedtime?','multiple_choice','[\"Reading\",\"Screens\",\"Drinking water\",\"Stretching\"]','Screens',NULL,NULL,1,3),(272,12,'True or False: Lack of sleep can weaken the immune system.','true_false','[\"True\",\"False\"]','True',NULL,NULL,1,4),(273,12,'Fill in: Good sleep _____ improves physical and mental health.','fill_blank',NULL,'hygiene',NULL,NULL,1,5),(274,12,'According to the passage, what reduces chronic disease risk?','multiple_choice','[\"Watching TV\",\"Regular exercise\",\"Playing video games\",\"Eating fast food\"]','Regular exercise',NULL,'Regular exercise is one of the best things you can do for your health. The World Health Organization recommends at least 150 minutes of moderate exercise per week. This can include walking, swimming, cycling, or dancing. Exercise helps control weight, reduces the risk of chronic diseases, improves mood, and boosts energy levels. Even small amounts of physical activity, like taking the stairs instead of the elevator, can make a significant difference in your overall health.',1,6),(275,12,'How many minutes of exercise per week does WHO recommend?','multiple_choice','[\"30 minutes\",\"60 minutes\",\"100 minutes\",\"150 minutes\"]','150 minutes',NULL,NULL,1,7),(276,12,'Which activities are mentioned as moderate exercise?','multiple_choice','[\"Sleeping and eating\",\"Walking, swimming, cycling, dancing\",\"Reading and writing\",\"Cooking and cleaning\"]','Walking, swimming, cycling, dancing',NULL,NULL,1,8),(277,12,'True or False: Only intense exercise is beneficial for health.','true_false','[\"True\",\"False\"]','False',NULL,NULL,1,9),(278,12,'Fill in: Taking the stairs instead of the _____ helps your health.','fill_blank',NULL,'elevator',NULL,NULL,1,10),(279,12,'What does the passage say about mental health?','multiple_choice','[\"It is not important\",\"It is just as important as physical health\",\"Only doctors need to worry about it\",\"It cannot be improved\"]','It is just as important as physical health',NULL,'Mental health is just as important as physical health. Stress, anxiety, and depression affect millions of people worldwide. There are many ways to improve mental health: regular exercise, meditation, spending time in nature, and talking to friends and family. It is important to recognize the signs of mental health problems and seek help when needed. Many workplaces now offer mental health support programs, and there is growing awareness about reducing the stigma around mental illness.',1,11),(280,12,'What are some common mental health issues mentioned?','multiple_choice','[\"Headache and fever\",\"Stress, anxiety, and depression\",\"Broken bones\",\"Allergies\"]','Stress, anxiety, and depression',NULL,NULL,1,12),(281,12,'How can you improve mental health?','multiple_choice','[\"Work more hours\",\"Exercise, meditation, nature, social connection\",\"Avoid all people\",\"Sleep all day\"]','Exercise, meditation, nature, social connection',NULL,NULL,1,13),(282,12,'True or False: There is growing awareness about mental health stigma.','true_false','[\"True\",\"False\"]','True',NULL,NULL,1,14),(283,12,'What do many workplaces now offer?','multiple_choice','[\"Free food\",\"Mental health support programs\",\"Gym memberships only\",\"Nothing\"]','Mental health support programs',NULL,NULL,1,15),(284,6,'What does \"assignment\" mean?','multiple_choice','[\"A type of test\", \"Homework or task given by a teacher\", \"A school building\", \"A textbook\"]','Homework or task given by a teacher',NULL,NULL,1,1),(285,6,'\"Scholarship\" refers to:','multiple_choice','[\"A type of school\", \"Financial aid for students\", \"A school uniform\", \"A sports team\"]','Financial aid for students',NULL,NULL,1,2),(286,6,'What is a \"semester\"?','multiple_choice','[\"A school subject\", \"Half of an academic year\", \"A graduation ceremony\", \"A type of exam\"]','Half of an academic year',NULL,NULL,1,3),(287,6,'What does \"graduate\" mean?','multiple_choice','[\"To start school\", \"To fail an exam\", \"To complete a degree program\", \"To skip a class\"]','To complete a degree program',NULL,NULL,1,4),(288,6,'\"Curriculum\" is:','multiple_choice','[\"A school building\", \"The subjects in a course of study\", \"A type of student\", \"A teacher\'s name\"]','The subjects in a course of study',NULL,NULL,1,5),(289,6,'What is a \"tutor\"?','multiple_choice','[\"A school bus driver\", \"A private teacher\", \"A school principal\", \"A janitor\"]','A private teacher',NULL,NULL,1,6),(290,6,'\"Enrollment\" means:','multiple_choice','[\"Graduation ceremony\", \"Dropping out of school\", \"Registering for school or classes\", \"A school holiday\"]','Registering for school or classes',NULL,NULL,1,7),(291,6,'A \"dormitory\" is:','multiple_choice','[\"A classroom\", \"A library\", \"A student residence building\", \"A cafeteria\"]','A student residence building',NULL,NULL,1,8),(292,6,'True or False: \"GPA\" stands for \"Grade Point Average\".','true_false','[\"True\", \"False\"]','True',NULL,NULL,1,9),(293,6,'Fill in the blank: The final _____ is next Monday.','fill_blank',NULL,'exam',NULL,NULL,1,10),(294,7,'What is \"software\"?','multiple_choice','[\"Physical parts of a computer\", \"Programs and applications\", \"A type of keyboard\", \"An internet cable\"]','Programs and applications',NULL,NULL,1,1),(295,7,'\"Hardware\" refers to:','multiple_choice','[\"Computer programs\", \"Physical components of a computer\", \"The internet\", \"A website\"]','Physical components of a computer',NULL,NULL,1,2),(296,7,'What is an \"algorithm\"?','multiple_choice','[\"A type of computer virus\", \"A step-by-step procedure for solving a problem\", \"A programming language\", \"A social media platform\"]','A step-by-step procedure for solving a problem',NULL,NULL,1,3),(297,7,'\"Cybersecurity\" is about:','multiple_choice','[\"Building robots\", \"Protecting computer systems from attacks\", \"Creating websites\", \"Selling computers\"]','Protecting computer systems from attacks',NULL,NULL,1,4),(298,7,'What does \"debugging\" mean?','multiple_choice','[\"Installing new software\", \"Finding and fixing errors in code\", \"Deleting files\", \"Downloading music\"]','Finding and fixing errors in code',NULL,NULL,1,5),(299,7,'\"Cloud computing\" means:','multiple_choice','[\"Computing during cloudy weather\", \"Using remote servers over the internet\", \"A type of laptop\", \"Using only offline software\"]','Using remote servers over the internet',NULL,NULL,1,6),(300,7,'What is \"encryption\"?','multiple_choice','[\"Making data faster\", \"Converting data into a coded form\", \"Deleting old files\", \"Printing documents\"]','Converting data into a coded form',NULL,NULL,1,7),(301,7,'\"Bandwidth\" refers to:','multiple_choice','[\"Screen size\", \"The speed and capacity of data transfer\", \"Computer weight\", \"Battery life\"]','The speed and capacity of data transfer',NULL,NULL,1,8),(302,7,'True or False: AI stands for \"Artificial Intelligence\".','true_false','[\"True\", \"False\"]','True',NULL,NULL,1,9),(303,7,'Fill in the blank: Chrome is the most popular web _____.','fill_blank',NULL,'browser',NULL,NULL,1,10),(304,8,'What is a \"symptom\"?','multiple_choice','[\"A type of medicine\", \"A sign of illness\", \"A doctor\'s name\", \"A hospital room\"]','A sign of illness',NULL,NULL,1,1),(305,8,'\"Prescription\" means:','multiple_choice','[\"A type of exercise\", \"A written order for medicine\", \"A healthy food\", \"A gym membership\"]','A written order for medicine',NULL,NULL,1,2),(306,8,'What does \"allergy\" mean?','multiple_choice','[\"A type of exercise\", \"A bad reaction to certain substances\", \"A vitamin supplement\", \"A meditation technique\"]','A bad reaction to certain substances',NULL,NULL,1,3),(307,8,'\"Nutrition\" refers to:','multiple_choice','[\"Physical exercise\", \"The process of getting proper food\", \"A type of sport\", \"A sleeping pattern\"]','The process of getting proper food',NULL,NULL,1,4),(308,8,'What is a \"vaccine\"?','multiple_choice','[\"A type of vitamin\", \"A substance to prevent diseases\", \"An exercise machine\", \"A medical tool\"]','A substance to prevent diseases',NULL,NULL,1,5),(309,8,'\"Calories\" are:','multiple_choice','[\"Types of vitamins\", \"Units of energy in food\", \"Types of exercise\", \"Medical instruments\"]','Units of energy in food',NULL,NULL,1,6),(310,8,'\"Meditation\" helps with:','multiple_choice','[\"Building muscle\", \"Reducing stress and relaxation\", \"Running faster\", \"Cooking better\"]','Reducing stress and relaxation',NULL,NULL,1,7),(311,8,'What does \"diagnosis\" mean?','multiple_choice','[\"A type of treatment\", \"Identifying a disease or condition\", \"A prescription\", \"A medical bill\"]','Identifying a disease or condition',NULL,NULL,1,8),(312,8,'True or False: \"Protein\" is a nutrient that helps build muscle.','true_false','[\"True\", \"False\"]','True',NULL,NULL,1,9),(313,8,'Fill in the blank: Regular _____ keeps you fit and healthy.','fill_blank',NULL,'exercise',NULL,NULL,1,10),(314,9,'What did the customer order for the main course?','multiple_choice','[\"Grilled salmon\", \"Roast chicken\", \"Pasta with mushroom sauce\", \"Vegetable stir-fry\"]','Grilled salmon',NULL,NULL,1,1),(315,9,'How did the customer describe the dessert?','multiple_choice','[\"Too sweet\", \"Absolutely delicious\", \"Too cold\", \"Very spicy\"]','Absolutely delicious',NULL,NULL,1,2),(316,9,'What drink did the customer choose?','multiple_choice','[\"Coffee\", \"Orange juice\", \"Sparkling water\", \"Green tea\"]','Sparkling water',NULL,NULL,1,3),(317,9,'What was the customer allergic to?','multiple_choice','[\"Milk\", \"Nuts\", \"Shellfish\", \"Eggs\"]','Nuts',NULL,NULL,1,4),(318,9,'True or False: The customer asked for the bill at the end.','true_false','[\"True\", \"False\"]','True',NULL,NULL,1,5),(319,10,'What is the main advantage of cloud computing mentioned in the passage?','multiple_choice','[\"It is free\", \"Users can access data from anywhere\", \"It makes computers faster\", \"It replaces all other technology\"]','Users can access data from anywhere',NULL,'Cloud computing has revolutionized the way businesses and individuals store and access data. Instead of relying on local servers and personal hard drives, cloud computing allows users to store data on remote servers accessed via the internet. This means that files, applications, and services can be accessed from anywhere with an internet connection. Major providers like Amazon Web Services, Microsoft Azure, and Google Cloud offer scalable solutions that can grow with a company\'s needs. One of the biggest advantages is cost savings, as companies no longer need to invest heavily in physical infrastructure. However, concerns about data security and privacy remain important considerations for any organization considering cloud adoption.',2,1),(320,10,'Which companies are mentioned as major cloud providers?','multiple_choice','[\"Apple, Samsung, and Sony\", \"Amazon, Microsoft, and Google\", \"Facebook, Twitter, and Instagram\", \"Intel, AMD, and NVIDIA\"]','Amazon, Microsoft, and Google',NULL,'Cloud computing has revolutionized the way businesses and individuals store and access data. Instead of relying on local servers and personal hard drives, cloud computing allows users to store data on remote servers accessed via the internet. This means that files, applications, and services can be accessed from anywhere with an internet connection. Major providers like Amazon Web Services, Microsoft Azure, and Google Cloud offer scalable solutions that can grow with a company\'s needs. One of the biggest advantages is cost savings, as companies no longer need to invest heavily in physical infrastructure. However, concerns about data security and privacy remain important considerations for any organization considering cloud adoption.',2,2),(321,10,'What concern is mentioned about cloud computing?','multiple_choice','[\"It is too expensive\", \"Data security and privacy\", \"It is too slow\", \"It uses too much electricity\"]','Data security and privacy',NULL,'Cloud computing has revolutionized the way businesses and individuals store and access data. Instead of relying on local servers and personal hard drives, cloud computing allows users to store data on remote servers accessed via the internet. This means that files, applications, and services can be accessed from anywhere with an internet connection. Major providers like Amazon Web Services, Microsoft Azure, and Google Cloud offer scalable solutions that can grow with a company\'s needs. One of the biggest advantages is cost savings, as companies no longer need to invest heavily in physical infrastructure. However, concerns about data security and privacy remain important considerations for any organization considering cloud adoption.',2,3),(322,10,'Fill in the blank: Cloud computing allows users to store data on _____ servers.','fill_blank',NULL,'remote',NULL,'Cloud computing has revolutionized the way businesses and individuals store and access data. Instead of relying on local servers and personal hard drives, cloud computing allows users to store data on remote servers accessed via the internet.',2,4),(323,11,'How many hours of sleep do adults need according to the passage?','multiple_choice','[\"5-6 hours\", \"6-7 hours\", \"7-9 hours\", \"10-12 hours\"]','7-9 hours',NULL,'Getting enough sleep is crucial for maintaining good health. Most adults need between 7 to 9 hours of sleep per night. During sleep, your body repairs tissues, produces important hormones, and strengthens the immune system. Lack of sleep can lead to serious health problems including obesity, heart disease, and depression. To improve your sleep quality, experts recommend maintaining a consistent sleep schedule, creating a comfortable sleep environment, avoiding caffeine and screens before bedtime, and getting regular exercise during the day. Remember, good sleep is not a luxury???it is a necessity for both physical and mental well-being.',2,1),(324,11,'Which of the following is NOT mentioned as a result of poor sleep?','multiple_choice','[\"Obesity\", \"Heart disease\", \"Better memory\", \"Depression\"]','Better memory',NULL,'Getting enough sleep is crucial for maintaining good health. Most adults need between 7 to 9 hours of sleep per night. During sleep, your body repairs tissues, produces important hormones, and strengthens the immune system. Lack of sleep can lead to serious health problems including obesity, heart disease, and depression. To improve your sleep quality, experts recommend maintaining a consistent sleep schedule, creating a comfortable sleep environment, avoiding caffeine and screens before bedtime, and getting regular exercise during the day. Remember, good sleep is not a luxury???it is a necessity for both physical and mental well-being.',2,2),(325,11,'What should you avoid before bedtime?','multiple_choice','[\"Water and fruit\", \"Caffeine and screens\", \"Reading books\", \"Listening to music\"]','Caffeine and screens',NULL,'Getting enough sleep is crucial for maintaining good health. Most adults need between 7 to 9 hours of sleep per night. During sleep, your body repairs tissues, produces important hormones, and strengthens the immune system. Lack of sleep can lead to serious health problems including obesity, heart disease, and depression. To improve your sleep quality, experts recommend maintaining a consistent sleep schedule, creating a comfortable sleep environment, avoiding caffeine and screens before bedtime, and getting regular exercise during the day. Remember, good sleep is not a luxury???it is a necessity for both physical and mental well-being.',2,3),(326,11,'True or False: The passage says good sleep is a necessity, not a luxury.','true_false','[\"True\", \"False\"]','True',NULL,'Getting enough sleep is crucial for maintaining good health. Remember, good sleep is not a luxury???it is a necessity for both physical and mental well-being.',2,4);
/*!40000 ALTER TABLE `questions` ENABLE KEYS */;
UNLOCK TABLES;

--
-- Table structure for table `speaking_attempts`
--

DROP TABLE IF EXISTS `speaking_attempts`;
/*!40101 SET @saved_cs_client     = @@character_set_client */;
/*!40101 SET character_set_client = utf8 */;
CREATE TABLE `speaking_attempts` (
  `id` int(11) NOT NULL AUTO_INCREMENT,
  `user_id` int(11) NOT NULL,
  `prompt_id` int(11) NOT NULL,
  `transcript` text DEFAULT NULL,
  `pronunciation_score` int(11) DEFAULT 0,
  `fluency_score` int(11) DEFAULT 0,
  `accuracy_score` int(11) DEFAULT 0,
  `overall_score` int(11) DEFAULT 0,
  `feedback` text DEFAULT NULL,
  `created_at` timestamp NOT NULL DEFAULT current_timestamp(),
  PRIMARY KEY (`id`),
  KEY `idx_user` (`user_id`),
  KEY `idx_prompt` (`prompt_id`),
  CONSTRAINT `speaking_attempts_ibfk_1` FOREIGN KEY (`user_id`) REFERENCES `users` (`id`) ON DELETE CASCADE,
  CONSTRAINT `speaking_attempts_ibfk_2` FOREIGN KEY (`prompt_id`) REFERENCES `speaking_prompts` (`id`) ON DELETE CASCADE
) ENGINE=InnoDB AUTO_INCREMENT=14 DEFAULT CHARSET=utf8mb4 COLLATE=utf8mb4_unicode_ci;
/*!40101 SET character_set_client = @saved_cs_client */;

--
-- Dumping data for table `speaking_attempts`
--

LOCK TABLES `speaking_attempts` WRITE;
/*!40000 ALTER TABLE `speaking_attempts` DISABLE KEYS */;
INSERT INTO `speaking_attempts` VALUES (1,2,1,'hi my name is Joe I\'m from business I am student opportunity of the rosie I enjoy learning English and baseball in my free time',95,100,66,85,'👍 Good accuracy. You mentioned many important words.\n✅ Great fluency! Your response length is appropriate.\n✅ Clear pronunciation! Well done!\n📝 Key words you might include: john, vietnam, a, at, university','2026-03-25 13:57:56'),(2,2,1,'my name is John and Robert now I have a student of University alternatively support in my free time',96,66,48,68,'⚠️ Fair accuracy. Try to include more key vocabulary from the topic.\n👍 Good fluency. Try to elaborate a bit more.\n✅ Clear pronunciation! Well done!\n📝 Key words you might include: hi, am, from, vietnam, at','2026-03-25 13:58:15'),(3,2,1,'hi my name is Sean I\'m grumpy now I stand up to University of Tennessee  I install a little late and place about in my free time',92,100,48,77,'⚠️ Fair accuracy. Try to include more key vocabulary from the topic.\n✅ Great fluency! Your response length is appropriate.\n✅ Clear pronunciation! Well done!\n📝 Key words you might include: john, am, from, vietnam, student','2026-03-25 15:33:08'),(4,2,1,'test transcript',85,45,45,57,'⚠️ Fair accuracy. Try to include more key vocabulary from the topic.\n⚠️ Your response is quite short. Try to speak in complete sentences.\n✅ Clear pronunciation! Well done!\n📝 Key words you might include: at, the, university, of, technology','2026-03-25 15:35:17'),(5,2,1,'Pass animal drop it now I\'m still in the city of Tennessee Alexander',97,45,10,47,'❌ Low accuracy. Review the sample answer and practice the key phrases.\n⚠️ Your response is quite short. Try to speak in complete sentences.\n✅ Clear pronunciation! Well done!\n📝 Key words you might include: hi, my, name, is, john','2026-03-25 15:45:25'),(6,4,4,'Hello, I had a reapers fashion under the name when I booked a double room for three nights. Please tell me what time preferred Easter? Is there swimming pool in the hotel? Also could you recommend some restaurant nearby? Thank you very much.',0,100,78,61,'👍 Good accuracy. You mentioned many important words.\n✅ Great fluency! Your response length is appropriate.\n⚠️ Work on your pronunciation. Speak slowly and clearly.\n📝 Key words you might include: have, reservation, nguyen, breakfast, served','2026-03-27 13:45:49'),(7,4,4,'Hello, I had the reverse version under the name when I booked a table room for three nights. Could you tell me what time breakfast is Sure? Is there a swimming pool in the hotel? Also, could you recommend some restaurant nearby? Thank you very much.',0,100,87,65,'✅ Excellent accuracy! You covered most of the key points.\n✅ Great fluency! Your response length is appropriate.\n⚠️ Work on your pronunciation. Speak slowly and clearly.\n📝 Key words you might include: have, reservation, nguyen, double, served','2026-03-27 13:46:26'),(8,4,10,'Submitted healthy lifestyle happiest first edge balance diet with plenty of fruits, vegetable and hungara second and psycho recording lottery for at least 30 minutes to 10, getting no sleep about 7 to 8 hour each night. Also, drink plenty of water through today. Finally, Melissa your shirt through the meditation of hobby.',0,100,54,52,'⚠️ Fair accuracy. Try to include more key vocabulary from the topic.\n✅ Great fluency! Your response length is appropriate.\n⚠️ Work on your pronunciation. Speak slowly and clearly.\n📝 Key words you might include: maintain, a, you, should, follow','2026-03-28 10:16:48'),(9,4,10,'Turn healthy lifestyle you should follow 7 or important habits. First with a balanced diet with plenty of fruits, vegetable and ruin. Second is cycle their ability for the only 30 minutes a day. Thus, you did not sleep about 7 to 8 hours each night or so. There. Bring plenty of water through the day finally. Melissa just checked the room. Meditable or hobby?',0,100,67,57,'👍 Good accuracy. You mentioned many important words.\n✅ Great fluency! Your response length is appropriate.\n⚠️ Work on your pronunciation. Speak slowly and clearly.\n📝 Key words you might include: maintain, several, eat, vegetables, whole','2026-03-28 10:18:08'),(10,4,1,'Hi, my name is John, I\'m student of the university exalted late apply support in my pay time.',0,62,41,35,'⚠️ Fair accuracy. Try to include more key vocabulary from the topic.\n👍 Good fluency. Try to elaborate a bit more.\n⚠️ Work on your pronunciation. Speak slowly and clearly.\n📝 Key words you might include: i, am, from, vietnam, a','2026-03-28 10:30:30'),(11,4,10,'To maintain a healthy lifestyle he put the napkin first. It balanced diet with plenty of good vegetable and 2nd sacred relative for at least 30 minutes of death. Take get enough sleep. About 7 to 8 hour is night also. My day-to-day finally my sister\'s checked through the meditation and hobby.',0,100,49,50,'⚠️ Fair accuracy. Try to include more key vocabulary from the topic.\n✅ Great fluency! Your response length is appropriate.\n⚠️ Work on your pronunciation. Speak slowly and clearly.\n📝 Key words you might include: you, should, follow, several, important','2026-03-28 10:31:07'),(12,1,1,'Hi my name is John I am from Vietnam I am a student at the University of Technology I enjoy learning English and playing sports in my free time',100,100,100,100,'✅ Excellent accuracy! You covered most of the key points.\n✅ Great fluency! Your response length is appropriate.\n✅ Clear pronunciation! Well done!','2026-03-28 10:36:41'),(13,4,10,'Two maternal health say last night. 7 to 8 hour.',18,16,3,11,'❌ Low accuracy. Review the sample answer and practice the key phrases.\n⚠️ Your response is quite short. Try to speak in complete sentences.\n⚠️ Work on your pronunciation. Speak slowly and clearly.\n📝 Key words you might include: maintain, a, healthy, lifestyle, you','2026-03-28 10:37:54');
/*!40000 ALTER TABLE `speaking_attempts` ENABLE KEYS */;
UNLOCK TABLES;

--
-- Table structure for table `speaking_prompts`
--

DROP TABLE IF EXISTS `speaking_prompts`;
/*!40101 SET @saved_cs_client     = @@character_set_client */;
/*!40101 SET character_set_client = utf8 */;
CREATE TABLE `speaking_prompts` (
  `id` int(11) NOT NULL AUTO_INCREMENT,
  `topic_id` int(11) NOT NULL,
  `prompt_text` text NOT NULL,
  `sample_answer` text DEFAULT NULL,
  `difficulty` enum('easy','medium','hard') DEFAULT 'easy',
  `created_at` timestamp NOT NULL DEFAULT current_timestamp(),
  PRIMARY KEY (`id`),
  KEY `idx_topic` (`topic_id`),
  KEY `idx_difficulty` (`difficulty`),
  CONSTRAINT `speaking_prompts_ibfk_1` FOREIGN KEY (`topic_id`) REFERENCES `topics` (`id`) ON DELETE CASCADE
) ENGINE=InnoDB AUTO_INCREMENT=25 DEFAULT CHARSET=utf8mb4 COLLATE=utf8mb4_unicode_ci;
/*!40101 SET character_set_client = @saved_cs_client */;

--
-- Dumping data for table `speaking_prompts`
--

LOCK TABLES `speaking_prompts` WRITE;
/*!40000 ALTER TABLE `speaking_prompts` DISABLE KEYS */;
INSERT INTO `speaking_prompts` VALUES (1,1,'Introduce yourself. Tell me your name, where you are from, and what you do.','Hi, my name is John. I am from Vietnam. I am a student at the University of Technology. I enjoy learning English and playing sports in my free time.','easy','2026-03-25 13:33:15'),(2,1,'Describe your daily routine from morning to evening.','I usually wake up at six thirty in the morning. After I brush my teeth and wash my face, I have breakfast with my family. Then I go to school by bus. My classes start at eight and finish at twelve. In the afternoon, I study at the library. In the evening, I have dinner with my family and then do my homework. I go to bed at about eleven.','medium','2026-03-25 13:33:15'),(3,2,'Tell me about your favorite travel experience.','Last summer, I went to Da Nang with my family. It was an amazing trip. We stayed at a beautiful hotel near the beach. We visited the Marble Mountains and Ba Na Hills. The food was delicious, especially the seafood. We also went swimming in the ocean every morning. It was one of the best vacations I have ever had.','medium','2026-03-25 13:33:15'),(4,2,'You are at a hotel. Check in and ask about the facilities.','Hello, I have a reservation under the name Nguyen. I booked a double room for three nights. Could you tell me what time breakfast is served? Is there a swimming pool in the hotel? Also, could you recommend some restaurants nearby? Thank you very much.','easy','2026-03-25 13:33:15'),(5,3,'Describe your favorite food and how it is prepared.','My favorite food is pho, a traditional Vietnamese noodle soup. It is made with rice noodles, beef or chicken, and a flavorful broth. First, the broth is prepared by simmering bones with spices like star anise and cinnamon for several hours. Then the noodles are cooked separately. The meat is sliced thinly and placed on top. Fresh herbs, bean sprouts, and lime are served on the side.','hard','2026-03-25 13:33:15'),(6,1,'What do you usually do on weekends?','On weekends, I like to relax and spend time with my friends and family. On Saturday morning, I usually go to the gym to exercise. In the afternoon, I often meet my friends at a coffee shop. On Sunday, I stay at home and help my mother cook lunch. Sometimes we go to the cinema or shopping mall together.','easy','2026-03-25 13:33:15'),(7,3,'Describe how to cook your favorite dish step by step.','To cook fried rice, first I prepare the ingredients: cooked rice, eggs, vegetables, and soy sauce. Then I heat oil in a pan. I crack the eggs and scramble them. Next, I add the vegetables and stir-fry for about two minutes. After that, I add the rice and mix everything together. Finally, I add soy sauce and season with salt and pepper.','medium','2026-03-25 15:18:30'),(8,4,'Talk about your study habits and how you prepare for exams.','When I prepare for exams, I start studying at least two weeks before. First, I review all my notes from class. Then I make a study schedule for each subject. I usually study for two hours, then take a short break. I also practice with past exam papers. Sometimes I study with my friends in a group. We quiz each other and explain difficult topics.','medium','2026-03-25 15:18:30'),(9,5,'Describe how technology has changed education.','Technology has greatly changed education in many ways. Students can now learn online through video courses and educational apps. Teachers use presentations and interactive tools in the classroom. Students can access information instantly through the internet. Online learning platforms allow people to study from anywhere in the world. However, technology can also be distracting if not used wisely.','hard','2026-03-25 15:18:30'),(10,6,'Give advice on how to maintain a healthy lifestyle.','To maintain a healthy lifestyle, you should follow several important habits. First, eat a balanced diet with plenty of fruits, vegetables, and whole grains. Second, exercise regularly for at least thirty minutes a day. Third, get enough sleep, about seven to eight hours each night. Also, drink plenty of water throughout the day. Finally, manage your stress through meditation or hobbies.','easy','2026-03-25 15:18:30'),(11,4,'Tell me about your school or university.','I am studying at the University of Technology. My major is Information Technology. The campus is quite large and has many modern buildings. My favorite place on campus is the library because it is quiet and has many useful books. I have classes from Monday to Friday. I usually study with my friends after class. I really enjoy university life.','easy','2026-03-28 10:50:50'),(12,4,'What are the advantages and disadvantages of online learning?','Online learning has both advantages and disadvantages. The main advantage is flexibility. Students can study at their own pace and from anywhere with an internet connection. It also saves time and money on commuting. However, there are some disadvantages. Students may feel isolated because they cannot interact with classmates face to face. It requires strong self-discipline. Also, some subjects like science labs are difficult to teach online. Overall, I think online learning is a good option but should be combined with some in-person classes.','medium','2026-03-28 10:50:50'),(13,4,'Describe a teacher who has influenced you the most.','The teacher who influenced me the most is my high school English teacher, Mrs. Nguyen. She was very patient and always encouraged students to speak English without fear of making mistakes. She used many creative teaching methods like games, role-plays, and group discussions. She often told us that the key to learning a language is practice and confidence. Thanks to her inspiration, I developed a strong passion for English. She taught me that learning should be enjoyable, not stressful. I am very grateful for her guidance.','hard','2026-03-28 10:50:50'),(14,5,'Do you use social media? Tell me about it.','Yes, I use social media every day. My favorite platform is Instagram because I like sharing photos and watching short videos. I also use Facebook to stay connected with my friends and family. I think social media is useful for communication and entertainment. However, I try not to spend too much time on it because it can be addictive.','easy','2026-03-28 10:50:50'),(15,5,'How has technology changed education?','Technology has completely transformed education. In the past, students could only learn from textbooks and lectures. Now, they can access online courses, educational videos, and interactive apps. Tools like Google Classroom and Zoom make distance learning possible. Students can also use AI-powered tools to practice languages or solve math problems. However, technology also creates challenges such as digital distraction and the digital divide between rich and poor students. Despite these challenges, I believe technology has made education more accessible and engaging for everyone.','hard','2026-03-28 10:50:50'),(16,5,'What is your favorite app or website? Why?','My favorite app is Duolingo because it helps me learn English in a fun way. The app uses gamification with streaks, points, and levels to keep me motivated. I spend about fifteen minutes a day on it. The lessons are short and cover vocabulary, grammar, and listening. I also like that it sends me daily reminders to practice. It has helped me improve my vocabulary and confidence in English.','easy','2026-03-28 10:50:50'),(17,6,'What do you do to stay healthy?','To stay healthy, I try to follow a balanced lifestyle. I exercise at least three times a week, usually jogging in the park or going to the gym. I eat healthy food including vegetables, fruits, and lean protein. I avoid junk food and sugary drinks. I also make sure to get enough sleep, about seven to eight hours every night. I drink at least two liters of water every day. I think staying healthy is about making good habits part of your daily routine.','easy','2026-03-28 10:50:50'),(18,6,'Describe a time when you were sick. What happened?','Last winter, I caught a bad cold. It started with a sore throat and then I developed a fever and a runny nose. I felt very tired and weak. I went to see a doctor and he told me I had the flu. He prescribed some medicine and told me to rest at home for a few days. My mother made hot chicken soup for me, which made me feel better. After about a week of rest and taking medicine, I fully recovered. Since then, I have been more careful about washing my hands and wearing warm clothes in winter.','medium','2026-03-28 10:50:50'),(19,6,'Talk about the importance of mental health.','Mental health is just as important as physical health, but many people ignore it. Good mental health means being able to manage stress, maintain positive relationships, and make good decisions. Unfortunately, many young people today suffer from anxiety and depression due to academic pressure and social media. I think it is important to talk about your feelings with someone you trust. Activities like meditation, exercise, and spending time in nature can also help improve mental health. Schools and workplaces should provide mental health support and create a positive environment for everyone.','hard','2026-03-28 10:50:50'),(20,1,'Describe your best friend and why they are important to you.','My best friend is Minh. We have been friends since elementary school. He is a kind and funny person who always makes me laugh. We share many common interests such as playing video games, watching movies, and playing basketball. What I admire most about him is his positive attitude. Whenever I have problems, he always listens and gives me good advice. He has supported me through many difficult times. I believe a true friend is someone who accepts you for who you are, and Minh is exactly that kind of person.','medium','2026-03-28 10:50:50'),(21,2,'Compare traveling by plane and by train. Which do you prefer?','Both planes and trains have their advantages. Flying is much faster, especially for long distances. You can travel across countries in just a few hours. However, airports can be crowded and there are many security procedures. Trains are slower but more comfortable and relaxing. You can enjoy the scenery through the window and move around freely. Train stations are usually in the city center, which is convenient. Personally, I prefer traveling by train for short trips because I enjoy the journey itself. For longer distances, I choose flying to save time. I think both modes of transportation have their place depending on the situation.','hard','2026-03-28 10:50:50'),(22,2,'Give directions from your home to the nearest supermarket.','To get to the nearest supermarket from my home, first go straight on Nguyen Hue street for about two hundred meters. Then turn right at the traffic light onto Le Loi street. Walk past the post office and the coffee shop on your left. The supermarket is on the right side of the street, next to the pharmacy. It takes about ten minutes to walk there. You can also take the bus number five, which stops right in front of the supermarket.','easy','2026-03-28 10:50:50'),(23,3,'Describe the last meal you cooked.','Last weekend, I cooked fried rice for my family. First, I cooked the rice the night before so it would be dry and firm. Then I heated some vegetable oil in a large pan. I added chopped garlic and some diced onions and stir-fried them until golden. Next, I added the rice and mixed everything together. I seasoned it with soy sauce, salt, and pepper. I also added some sliced carrots, peas, and scrambled eggs. The whole process took about twenty minutes. My family really enjoyed it and said it was delicious.','medium','2026-03-28 10:50:50'),(24,3,'Order a meal at a restaurant. Include a starter, main course, and dessert.','Good evening! I would like to start with the tomato soup as an appetizer, please. For the main course, I will have the grilled chicken breast with mashed potatoes and a side salad. Could you make it without too much salt, please? For dessert, I would like the chocolate cake with vanilla ice cream. Oh, and can I also have a glass of sparkling water? Thank you very much. Also, I am just wondering, do you have any special offers today?','easy','2026-03-28 10:50:50');
/*!40000 ALTER TABLE `speaking_prompts` ENABLE KEYS */;
UNLOCK TABLES;

--
-- Table structure for table `support_tickets`
--

DROP TABLE IF EXISTS `support_tickets`;
/*!40101 SET @saved_cs_client     = @@character_set_client */;
/*!40101 SET character_set_client = utf8 */;
CREATE TABLE `support_tickets` (
  `id` int(11) NOT NULL AUTO_INCREMENT,
  `user_id` int(11) NOT NULL,
  `type` enum('general','cancel_order','bug_report','feedback') DEFAULT 'general',
  `related_order_id` int(11) DEFAULT NULL,
  `subject` varchar(200) NOT NULL,
  `message` text NOT NULL,
  `status` enum('open','in_progress','resolved','closed') DEFAULT 'open',
  `admin_reply` text DEFAULT NULL,
  `replied_at` datetime DEFAULT NULL,
  `created_at` timestamp NOT NULL DEFAULT current_timestamp(),
  `updated_at` timestamp NOT NULL DEFAULT current_timestamp() ON UPDATE current_timestamp(),
  PRIMARY KEY (`id`),
  KEY `user_id` (`user_id`),
  KEY `related_order_id` (`related_order_id`),
  CONSTRAINT `support_tickets_ibfk_1` FOREIGN KEY (`user_id`) REFERENCES `users` (`id`) ON DELETE CASCADE,
  CONSTRAINT `support_tickets_ibfk_2` FOREIGN KEY (`related_order_id`) REFERENCES `membership_orders` (`id`) ON DELETE SET NULL
) ENGINE=InnoDB AUTO_INCREMENT=3 DEFAULT CHARSET=utf8mb4 COLLATE=utf8mb4_unicode_ci;
/*!40101 SET character_set_client = @saved_cs_client */;

--
-- Dumping data for table `support_tickets`
--

LOCK TABLES `support_tickets` WRITE;
/*!40000 ALTER TABLE `support_tickets` DISABLE KEYS */;
INSERT INTO `support_tickets` VALUES (1,1,'general',NULL,'Test ticket','Day la ticket test','resolved','Admin da nhan ticket.','2026-04-11 09:22:36','2026-04-11 02:22:05','2026-04-11 02:22:36'),(2,1,'general',NULL,'Test ticket','Test description','open',NULL,NULL,'2026-04-11 04:24:14','2026-04-11 04:24:14');
/*!40000 ALTER TABLE `support_tickets` ENABLE KEYS */;
UNLOCK TABLES;

--
-- Table structure for table `test_results`
--

DROP TABLE IF EXISTS `test_results`;
/*!40101 SET @saved_cs_client     = @@character_set_client */;
/*!40101 SET character_set_client = utf8 */;
CREATE TABLE `test_results` (
  `id` int(11) NOT NULL AUTO_INCREMENT,
  `user_id` int(11) NOT NULL,
  `test_id` int(11) NOT NULL,
  `score` int(11) NOT NULL DEFAULT 0,
  `total_points` int(11) NOT NULL DEFAULT 0,
  `time_spent` int(11) DEFAULT NULL,
  `completed_at` timestamp NOT NULL DEFAULT current_timestamp(),
  PRIMARY KEY (`id`),
  KEY `idx_user` (`user_id`),
  KEY `idx_test` (`test_id`),
  CONSTRAINT `test_results_ibfk_1` FOREIGN KEY (`user_id`) REFERENCES `users` (`id`) ON DELETE CASCADE,
  CONSTRAINT `test_results_ibfk_2` FOREIGN KEY (`test_id`) REFERENCES `tests` (`id`) ON DELETE CASCADE
) ENGINE=InnoDB AUTO_INCREMENT=12 DEFAULT CHARSET=utf8mb4 COLLATE=utf8mb4_unicode_ci;
/*!40101 SET character_set_client = @saved_cs_client */;

--
-- Dumping data for table `test_results`
--

LOCK TABLES `test_results` WRITE;
/*!40000 ALTER TABLE `test_results` DISABLE KEYS */;
INSERT INTO `test_results` VALUES (7,1,1,1,30,10,'2026-03-25 17:58:49'),(8,4,1,11,30,37,'2026-03-27 13:47:54'),(9,7,1,13,30,209,'2026-03-28 15:16:04'),(10,1,1,1,30,80,'2026-04-10 22:26:16'),(11,1,1,2,30,80,'2026-04-10 23:14:23');
/*!40000 ALTER TABLE `test_results` ENABLE KEYS */;
UNLOCK TABLES;

--
-- Table structure for table `tests`
--

DROP TABLE IF EXISTS `tests`;
/*!40101 SET @saved_cs_client     = @@character_set_client */;
/*!40101 SET character_set_client = utf8 */;
CREATE TABLE `tests` (
  `id` int(11) NOT NULL AUTO_INCREMENT,
  `topic_id` int(11) NOT NULL,
  `title` varchar(200) NOT NULL,
  `test_type` enum('quiz','listening','reading') NOT NULL,
  `duration_minutes` int(11) DEFAULT 30,
  `pass_score` int(11) DEFAULT 60,
  `is_active` tinyint(1) DEFAULT 1,
  `created_at` timestamp NOT NULL DEFAULT current_timestamp(),
  PRIMARY KEY (`id`),
  KEY `idx_topic` (`topic_id`),
  KEY `idx_type` (`test_type`),
  CONSTRAINT `tests_ibfk_1` FOREIGN KEY (`topic_id`) REFERENCES `topics` (`id`) ON DELETE CASCADE
) ENGINE=InnoDB AUTO_INCREMENT=19 DEFAULT CHARSET=utf8mb4 COLLATE=utf8mb4_unicode_ci;
/*!40101 SET character_set_client = @saved_cs_client */;

--
-- Dumping data for table `tests`
--

LOCK TABLES `tests` WRITE;
/*!40000 ALTER TABLE `tests` DISABLE KEYS */;
INSERT INTO `tests` VALUES (1,1,'Daily Life - Vocabulary Quiz','quiz',15,60,1,'2026-03-25 13:33:15'),(2,1,'Daily Life - Listening Test','listening',20,60,1,'2026-03-25 13:33:15'),(3,2,'Travel - Reading Comprehension','reading',25,60,1,'2026-03-25 13:33:15'),(4,2,'Travel - Vocabulary Quiz','quiz',15,60,1,'2026-03-25 13:33:15'),(5,3,'Food - Vocabulary Quiz','quiz',10,60,1,'2026-03-25 13:33:15'),(6,3,'Food - Reading Comprehension','reading',25,60,1,'2026-03-25 15:18:23'),(7,4,'Education - Vocabulary Quiz','quiz',30,60,1,'2026-03-25 15:18:23'),(8,4,'Education - Reading Comprehension','reading',25,60,1,'2026-03-25 15:18:23'),(9,5,'Technology - Vocabulary Quiz','quiz',30,60,1,'2026-03-25 15:18:23'),(10,5,'Technology - Listening Test','listening',20,60,1,'2026-03-25 15:18:23'),(11,6,'Health - Vocabulary Quiz','quiz',30,60,1,'2026-03-25 15:18:23'),(12,6,'Health - Reading Comprehension','reading',25,60,1,'2026-03-25 15:18:23');
/*!40000 ALTER TABLE `tests` ENABLE KEYS */;
UNLOCK TABLES;

--
-- Table structure for table `topics`
--

DROP TABLE IF EXISTS `topics`;
/*!40101 SET @saved_cs_client     = @@character_set_client */;
/*!40101 SET character_set_client = utf8 */;
CREATE TABLE `topics` (
  `id` int(11) NOT NULL AUTO_INCREMENT,
  `name` varchar(100) NOT NULL,
  `slug` varchar(100) DEFAULT NULL,
  `description` text DEFAULT NULL,
  `thumbnail` varchar(255) DEFAULT NULL,
  `level` enum('beginner','intermediate','advanced') DEFAULT 'beginner',
  `sort_order` int(11) DEFAULT 0,
  `is_active` tinyint(1) DEFAULT 1,
  `created_at` timestamp NOT NULL DEFAULT current_timestamp(),
  PRIMARY KEY (`id`),
  UNIQUE KEY `slug` (`slug`),
  KEY `idx_slug` (`slug`),
  KEY `idx_level` (`level`),
  KEY `idx_active` (`is_active`)
) ENGINE=InnoDB AUTO_INCREMENT=7 DEFAULT CHARSET=utf8mb4 COLLATE=utf8mb4_unicode_ci;
/*!40101 SET character_set_client = @saved_cs_client */;

--
-- Dumping data for table `topics`
--

LOCK TABLES `topics` WRITE;
/*!40000 ALTER TABLE `topics` DISABLE KEYS */;
INSERT INTO `topics` VALUES (1,'Daily Life','daily-life','Từ vựng và hội thoại về cuộc sống hằng ngày: chào hỏi, giới thiệu bản thân, thói quen hằng ngày.',NULL,'beginner',1,1,'2026-03-25 13:33:15'),(2,'Travel & Tourism','travel-tourism','Học tiếng Anh giao tiếp khi đi du lịch: đặt vé, khách sạn, hỏi đường, mua sắm.',NULL,'intermediate',2,1,'2026-03-25 13:33:15'),(3,'Food & Cooking','food-cooking','Từ vựng về đồ ăn, nấu ăn, gọi món tại nhà hàng và công thức nấu ăn.',NULL,'beginner',3,1,'2026-03-25 13:33:15'),(4,'Education','education','Tiếng Anh trong môi trường học tập: lớp học, trường đại học, học online.',NULL,'intermediate',4,1,'2026-03-25 13:33:15'),(5,'Technology','technology','Từ vựng về công nghệ, máy tính, internet và các thuật ngữ IT phổ biến.',NULL,'advanced',5,1,'2026-03-25 13:33:15'),(6,'Health & Fitness','health-fitness','Tiếng Anh về sức khỏe, bệnh viện, tập gym và dinh dưỡng.',NULL,'intermediate',6,1,'2026-03-25 13:33:15');
/*!40000 ALTER TABLE `topics` ENABLE KEYS */;
UNLOCK TABLES;

--
-- Table structure for table `user_answers`
--

DROP TABLE IF EXISTS `user_answers`;
/*!40101 SET @saved_cs_client     = @@character_set_client */;
/*!40101 SET character_set_client = utf8 */;
CREATE TABLE `user_answers` (
  `id` int(11) NOT NULL AUTO_INCREMENT,
  `test_result_id` int(11) NOT NULL,
  `question_id` int(11) NOT NULL,
  `user_answer` text DEFAULT NULL,
  `is_correct` tinyint(1) DEFAULT 0,
  PRIMARY KEY (`id`),
  KEY `idx_result` (`test_result_id`),
  KEY `idx_question` (`question_id`),
  CONSTRAINT `user_answers_ibfk_1` FOREIGN KEY (`test_result_id`) REFERENCES `test_results` (`id`) ON DELETE CASCADE,
  CONSTRAINT `user_answers_ibfk_2` FOREIGN KEY (`question_id`) REFERENCES `questions` (`id`) ON DELETE CASCADE
) ENGINE=InnoDB AUTO_INCREMENT=211 DEFAULT CHARSET=utf8mb4 COLLATE=utf8mb4_unicode_ci;
/*!40101 SET character_set_client = @saved_cs_client */;

--
-- Dumping data for table `user_answers`
--

LOCK TABLES `user_answers` WRITE;
/*!40000 ALTER TABLE `user_answers` DISABLE KEYS */;
INSERT INTO `user_answers` VALUES (61,7,14,'A thing done regularly',1),(62,7,15,'To communicate with someone',0),(63,7,16,'Work time',0),(64,7,17,'A surprise visit',0),(65,7,18,'A family member',0),(66,7,19,'',0),(67,7,20,'',0),(68,7,21,'',0),(69,7,22,'',0),(70,7,23,'',0),(71,7,24,'',0),(72,7,25,'',0),(73,7,26,'',0),(74,7,27,'',0),(75,7,28,'',0),(76,7,29,'',0),(77,7,30,'',0),(78,7,31,'',0),(79,7,32,'',0),(80,7,33,'',0),(81,7,34,'',0),(82,7,35,'',0),(83,7,36,'',0),(84,7,37,'',0),(85,7,38,'',0),(86,7,39,'',0),(87,7,40,'',0),(88,7,41,'',0),(89,7,42,'',0),(90,7,43,'',0),(91,8,14,'A thing done regularly',1),(92,8,15,'To communicate with someone',0),(93,8,16,'Work time',0),(94,8,17,'A surprise visit',0),(95,8,18,'A family member',0),(96,8,19,'Office work',0),(97,8,20,'A plan of activities',1),(98,8,21,'Loi chao',1),(99,8,22,'True',1),(100,8,23,'a',0),(101,8,24,'A regular household task',1),(102,8,25,'wakes',1),(103,8,26,'A family member',0),(104,8,27,'Afternoon',0),(105,8,28,'',0),(106,8,29,'Food and household items from a store',1),(107,8,30,'True',1),(108,8,31,'City center',0),(109,8,32,'A car',0),(110,8,33,'',0),(111,8,34,'Cleaning clothes',1),(112,8,35,'',0),(113,8,36,'Monday and Tuesday',0),(114,8,37,'False',0),(115,8,38,'A finishing line',0),(116,8,39,'Difficult',0),(117,8,40,'goes',1),(118,8,41,'',0),(119,8,42,'A holiday',0),(120,8,43,'True',1),(121,9,14,'A thing done regularly',1),(122,9,15,'To communicate with someone',0),(123,9,16,'Work time',0),(124,9,17,'A surprise visit',0),(125,9,18,'A family member',0),(126,9,19,'Home and family',1),(127,9,20,'A plan of activities',1),(128,9,21,'Loi chao',1),(129,9,22,'True',1),(130,9,23,'',0),(131,9,24,'A regular household task',1),(132,9,25,'wakes',1),(133,9,26,'A family member',0),(134,9,27,'Afternoon',0),(135,9,28,'',0),(136,9,29,'Cleaning supplies',0),(137,9,30,'True',1),(138,9,31,'City center',0),(139,9,32,'A car',0),(140,9,33,'wash',1),(141,9,34,'Cooking',0),(142,9,35,'',0),(143,9,36,'Monday and Tuesday',0),(144,9,37,'True',1),(145,9,38,'A finishing line',0),(146,9,39,'Difficult',0),(147,9,40,'goes',1),(148,9,41,'',0),(149,9,42,'Working extra hours',1),(150,9,43,'True',1),(151,10,14,'',0),(152,10,15,'',0),(153,10,16,'',0),(154,10,17,'',0),(155,10,18,'',0),(156,10,19,'',0),(157,10,20,'',0),(158,10,21,'',0),(159,10,22,'',0),(160,10,23,'',0),(161,10,24,'',0),(162,10,25,'',0),(163,10,26,'',0),(164,10,27,'',0),(165,10,28,'',0),(166,10,29,'',0),(167,10,30,'',0),(168,10,31,'',0),(169,10,32,'',0),(170,10,33,'',0),(171,10,34,'',0),(172,10,35,'',0),(173,10,36,'',0),(174,10,37,'',0),(175,10,38,'',0),(176,10,39,'',0),(177,10,40,'',0),(178,10,41,'',0),(179,10,42,'',0),(180,10,43,'True',1),(181,11,14,'A thing done regularly',1),(182,11,15,'To travel regularly between work and home',1),(183,11,16,'',0),(184,11,17,'',0),(185,11,18,'',0),(186,11,19,'',0),(187,11,20,'',0),(188,11,21,'',0),(189,11,22,'',0),(190,11,23,'',0),(191,11,24,'',0),(192,11,25,'',0),(193,11,26,'',0),(194,11,27,'',0),(195,11,28,'',0),(196,11,29,'',0),(197,11,30,'',0),(198,11,31,'',0),(199,11,32,'',0),(200,11,33,'',0),(201,11,34,'',0),(202,11,35,'',0),(203,11,36,'',0),(204,11,37,'',0),(205,11,38,'',0),(206,11,39,'',0),(207,11,40,'',0),(208,11,41,'',0),(209,11,42,'',0),(210,11,43,'',0);
/*!40000 ALTER TABLE `user_answers` ENABLE KEYS */;
UNLOCK TABLES;

--
-- Table structure for table `user_progress`
--

DROP TABLE IF EXISTS `user_progress`;
/*!40101 SET @saved_cs_client     = @@character_set_client */;
/*!40101 SET character_set_client = utf8 */;
CREATE TABLE `user_progress` (
  `id` int(11) NOT NULL AUTO_INCREMENT,
  `user_id` int(11) NOT NULL,
  `topic_id` int(11) NOT NULL,
  `vocab_learned` int(11) DEFAULT 0,
  `lessons_completed` int(11) DEFAULT 0,
  `tests_passed` int(11) DEFAULT 0,
  `speaking_practiced` int(11) DEFAULT 0,
  `total_score` int(11) DEFAULT 0,
  `last_activity` timestamp NOT NULL DEFAULT current_timestamp() ON UPDATE current_timestamp(),
  PRIMARY KEY (`id`),
  UNIQUE KEY `unique_user_topic` (`user_id`,`topic_id`),
  KEY `idx_user` (`user_id`),
  KEY `idx_topic` (`topic_id`),
  CONSTRAINT `user_progress_ibfk_1` FOREIGN KEY (`user_id`) REFERENCES `users` (`id`) ON DELETE CASCADE,
  CONSTRAINT `user_progress_ibfk_2` FOREIGN KEY (`topic_id`) REFERENCES `topics` (`id`) ON DELETE CASCADE
) ENGINE=InnoDB AUTO_INCREMENT=13 DEFAULT CHARSET=utf8mb4 COLLATE=utf8mb4_unicode_ci;
/*!40101 SET character_set_client = @saved_cs_client */;

--
-- Dumping data for table `user_progress`
--

LOCK TABLES `user_progress` WRITE;
/*!40000 ALTER TABLE `user_progress` DISABLE KEYS */;
INSERT INTO `user_progress` VALUES (1,2,1,2,4,0,5,341,'2026-03-25 15:45:25'),(2,1,1,1,3,0,1,104,'2026-04-11 04:23:19'),(3,4,1,1,1,0,1,46,'2026-03-28 10:30:30'),(4,4,5,1,0,0,0,0,'2026-03-27 13:43:40'),(5,4,2,1,0,0,2,126,'2026-03-27 13:46:26'),(6,5,1,0,1,0,0,0,'2026-03-27 17:21:03'),(7,4,6,0,0,0,4,170,'2026-03-28 10:37:54'),(8,7,1,0,1,0,0,13,'2026-03-28 15:16:04'),(9,7,2,0,1,0,0,0,'2026-03-28 11:36:27'),(10,7,6,0,1,0,0,0,'2026-03-28 14:50:19'),(11,7,4,0,0,0,0,0,'2026-03-28 14:50:49'),(12,8,1,0,0,0,0,0,'2026-03-30 13:01:12');
/*!40000 ALTER TABLE `user_progress` ENABLE KEYS */;
UNLOCK TABLES;

--
-- Table structure for table `users`
--

DROP TABLE IF EXISTS `users`;
/*!40101 SET @saved_cs_client     = @@character_set_client */;
/*!40101 SET character_set_client = utf8 */;
CREATE TABLE `users` (
  `id` int(11) NOT NULL AUTO_INCREMENT,
  `username` varchar(50) NOT NULL,
  `email` varchar(100) NOT NULL,
  `password_hash` varchar(255) NOT NULL,
  `full_name` varchar(100) DEFAULT NULL,
  `avatar` varchar(255) DEFAULT 'default.png',
  `role` enum('student','admin') DEFAULT 'student',
  `membership` enum('free','pro') NOT NULL DEFAULT 'free',
  `membership_expired_at` datetime DEFAULT NULL,
  `balance` decimal(12,0) DEFAULT 0,
  `created_at` timestamp NOT NULL DEFAULT current_timestamp(),
  `updated_at` timestamp NOT NULL DEFAULT current_timestamp() ON UPDATE current_timestamp(),
  `longest_streak` int(11) DEFAULT 0,
  `last_activity_date` date DEFAULT NULL,
  `total_xp` int(11) DEFAULT 0,
  `level` int(11) DEFAULT 1,
  `daily_goal` int(11) DEFAULT 20,
  `daily_xp_today` int(11) DEFAULT 0,
  `daily_goal_date` date DEFAULT NULL,
  `current_streak` int(11) DEFAULT 0,
  PRIMARY KEY (`id`),
  UNIQUE KEY `username` (`username`),
  UNIQUE KEY `email` (`email`),
  KEY `idx_username` (`username`),
  KEY `idx_email` (`email`)
) ENGINE=InnoDB AUTO_INCREMENT=11 DEFAULT CHARSET=utf8mb4 COLLATE=utf8mb4_unicode_ci;
/*!40101 SET character_set_client = @saved_cs_client */;

--
-- Dumping data for table `users`
--

LOCK TABLES `users` WRITE;
/*!40000 ALTER TABLE `users` DISABLE KEYS */;
INSERT INTO `users` VALUES (1,'admin','admin@englishmaster.com','$2y$10$wdQHsIK9KUbS.4GKWvlkR.oV3ea/qvRAW5yQq3HhbOUo7RhALWOnm','Administrator PRO','default.png','admin','free',NULL,50000,'2026-03-25 13:33:15','2026-06-12 13:56:42',1,'2026-04-11',65,1,20,35,'2026-04-11',1),(2,'student1','student@englishmaster.com','$2y$10$3SHOBEczLTZD24r0o/bHTeti2oD48mparhrsfW8Y21e/croxEL39C','Nguyen Van A','default.png','student','free',NULL,0,'2026-03-25 13:33:15','2026-06-19 20:28:18',1,'2026-06-19',0,1,20,0,'2026-06-19',1),(3,'user2','phanquangthuat9b@gmail.com','$2y$10$MgUSv5AI5O7l9gaJFN13re9zU.KX1.fnadQ8pVZyoEOH7dbzR.B5S','PQT','https://lh3.googleusercontent.com/a/ACg8ocKQOdJJt44g0dbXUuppRVvcGAZ3GhEWQO2X6qjXw4ZUN2M1WqCF=s96-c','student','free',NULL,0,'2026-03-27 12:01:52','2026-03-29 17:13:25',0,NULL,0,1,20,0,NULL,0),(4,'user1','phanquangthuat9b2@gmail.com','$2y$10$llCIcKA8K53Zvg.23c7P..HR9iRKNFzGRWaRx6nZ8s0g0dEmskI36','PQT','default.png','student','free','2026-04-27 14:41:35',0,'2026-03-27 13:20:41','2026-06-19 20:34:28',2,'2026-03-28',290,4,20,290,'2026-03-28',2),(5,'testuser','test@example.com','$2y$10$lAaM/gyal4qbDzKPO.cU3OUY71CU2Dl2bqMOnLLl3q25ECbqgHHO6','Test User','default.png','student','free',NULL,0,'2026-03-27 13:28:49','2026-03-27 17:19:34',1,'2026-03-27',0,1,20,0,'2026-03-27',1),(6,'tester123','tester@example.com','$2y$10$q4wJMa/xWmtyv5DoyaLH8eQfUd3hi/XmN/PwPuKH/shU5a9za2CNS','Tester','default.png','student','free',NULL,0,'2026-03-27 17:22:50','2026-03-27 17:22:50',0,NULL,0,1,20,0,NULL,0),(7,'uniquetester','uniquetester@test.com','$2y$10$3d3EQuJHS5fTywJEtVieCOu2gUrQXOBCY4He2W5g9WCRtBOx8T2gS','Unique Tester','default.png','student','free',NULL,0,'2026-03-28 11:35:19','2026-03-28 15:16:04',1,'2026-03-28',70,2,20,70,'2026-03-28',1),(8,'quangthuat17','quangthuat17@gmail.com','$2y$10$8jt5mFpbKgUk7TMIWL4x9O18vvky.neehz7sJQPTYZFZQWkEVgsda','Daan Verhoeven','https://lh3.googleusercontent.com/a/ACg8ocKyAR1XD7twPQAhbfalcrH4oYdSBbRXjQA_w1ommoqpEvMfX-FB=s96-c','student','free',NULL,0,'2026-03-29 17:13:47','2026-03-29 17:13:47',0,NULL,0,1,20,0,NULL,0),(9,'tester1','tester1@example.com','$2y$10$0IBoyxx9lbf2RtEj0tzujOwf3LAFkqvIELzSmS/q57de3jiUbFMfG','Tester One','default.png','student','free',NULL,0,'2026-03-29 19:15:40','2026-03-29 19:15:40',0,NULL,0,1,20,0,NULL,0),(10,'admin2','admin2@example.com','$2y$10$kIi1toZnqBdFWDnX4E9ETOQ39UauBC0RTPESx7qbTB/rS021CQwUq','Admin Two','default.png','student','free',NULL,0,'2026-03-31 04:47:38','2026-03-31 04:47:38',0,NULL,0,1,20,0,NULL,0);
/*!40000 ALTER TABLE `users` ENABLE KEYS */;
UNLOCK TABLES;

--
-- Table structure for table `vocab_reviews`
--

DROP TABLE IF EXISTS `vocab_reviews`;
/*!40101 SET @saved_cs_client     = @@character_set_client */;
/*!40101 SET character_set_client = utf8 */;
CREATE TABLE `vocab_reviews` (
  `id` int(11) NOT NULL AUTO_INCREMENT,
  `user_id` int(11) NOT NULL,
  `vocabulary_id` int(11) NOT NULL,
  `ease_factor` float DEFAULT 2.5,
  `interval_days` int(11) DEFAULT 1,
  `repetitions` int(11) DEFAULT 0,
  `next_review` date NOT NULL,
  `last_reviewed` timestamp NULL DEFAULT NULL,
  `created_at` timestamp NOT NULL DEFAULT current_timestamp(),
  PRIMARY KEY (`id`),
  UNIQUE KEY `uk_user_vocab` (`user_id`,`vocabulary_id`),
  KEY `vocabulary_id` (`vocabulary_id`),
  KEY `idx_next_review` (`user_id`,`next_review`),
  CONSTRAINT `vocab_reviews_ibfk_1` FOREIGN KEY (`user_id`) REFERENCES `users` (`id`) ON DELETE CASCADE,
  CONSTRAINT `vocab_reviews_ibfk_2` FOREIGN KEY (`vocabulary_id`) REFERENCES `vocabularies` (`id`) ON DELETE CASCADE
) ENGINE=InnoDB DEFAULT CHARSET=utf8mb4 COLLATE=utf8mb4_general_ci;
/*!40101 SET character_set_client = @saved_cs_client */;

--
-- Dumping data for table `vocab_reviews`
--

LOCK TABLES `vocab_reviews` WRITE;
/*!40000 ALTER TABLE `vocab_reviews` DISABLE KEYS */;
/*!40000 ALTER TABLE `vocab_reviews` ENABLE KEYS */;
UNLOCK TABLES;

--
-- Table structure for table `vocabularies`
--

DROP TABLE IF EXISTS `vocabularies`;
/*!40101 SET @saved_cs_client     = @@character_set_client */;
/*!40101 SET character_set_client = utf8 */;
CREATE TABLE `vocabularies` (
  `id` int(11) NOT NULL AUTO_INCREMENT,
  `topic_id` int(11) NOT NULL,
  `word` varchar(100) NOT NULL,
  `pronunciation` varchar(100) DEFAULT NULL,
  `meaning_vi` varchar(255) NOT NULL,
  `example_sentence` text DEFAULT NULL,
  `audio_url` varchar(255) DEFAULT NULL,
  `image_url` varchar(255) DEFAULT NULL,
  `created_at` timestamp NOT NULL DEFAULT current_timestamp(),
  PRIMARY KEY (`id`),
  KEY `idx_topic` (`topic_id`),
  CONSTRAINT `vocabularies_ibfk_1` FOREIGN KEY (`topic_id`) REFERENCES `topics` (`id`) ON DELETE CASCADE
) ENGINE=InnoDB AUTO_INCREMENT=189 DEFAULT CHARSET=utf8mb4 COLLATE=utf8mb4_unicode_ci;
/*!40101 SET character_set_client = @saved_cs_client */;

--
-- Dumping data for table `vocabularies`
--

LOCK TABLES `vocabularies` WRITE;
/*!40000 ALTER TABLE `vocabularies` DISABLE KEYS */;
INSERT INTO `vocabularies` VALUES (1,1,'greeting','/griitin/','lời chào','She gave him a friendly greeting.',NULL,NULL,'2026-03-25 13:33:15'),(2,1,'introduce','/intrediuus/','giới thiệu','Let me introduce myself.',NULL,NULL,'2026-03-25 13:33:15'),(3,1,'routine','/ruutiin/','thói quen','My morning routine starts at 6 AM.',NULL,NULL,'2026-03-25 13:33:15'),(4,1,'breakfast','/brekfest/','bữa sáng','I usually have cereal for breakfast.',NULL,NULL,'2026-03-25 13:33:15'),(5,1,'commute','/kemiuut/','đi lại','My daily commute takes about 30 minutes.',NULL,NULL,'2026-03-25 13:33:15'),(6,1,'schedule','/shedjuul/','lịch trình','What is your schedule for today?',NULL,NULL,'2026-03-25 13:33:15'),(7,1,'neighbor','/neibe/','hàng xóm','Our neighbors are very friendly.',NULL,NULL,'2026-03-25 13:33:15'),(8,1,'household','/haushould/','hộ gia đình','She manages the household chores.',NULL,NULL,'2026-03-25 13:33:15'),(9,1,'appointment','/epointment/','cuộc hẹn','I have a doctor appointment at 3 PM.',NULL,NULL,'2026-03-25 13:33:15'),(10,1,'leisure','/lezhe/','thời gian rảnh','What do you do in your leisure time?',NULL,NULL,'2026-03-25 13:33:15'),(11,2,'departure','/dipaache/','khởi hành','The departure time is 8:00 AM.',NULL,NULL,'2026-03-25 13:33:15'),(12,2,'destination','/destineishen/','điểm đến','What is your final destination?',NULL,NULL,'2026-03-25 13:33:15'),(13,2,'luggage','/lagij/','hành lý','Please check your luggage at the counter.',NULL,NULL,'2026-03-25 13:33:15'),(14,2,'reservation','/rezerveishen/','đặt chỗ','I made a hotel reservation online.',NULL,NULL,'2026-03-25 13:33:15'),(15,2,'passport','/paasport/','hộ chiếu','Do not forget to bring your passport.',NULL,NULL,'2026-03-25 13:33:15'),(16,2,'itinerary','/aitinereri/','lịch trình du lịch','Our travel itinerary includes 5 cities.',NULL,NULL,'2026-03-25 13:33:15'),(17,2,'currency','/karensi/','tiền tệ','You need to exchange your currency.',NULL,NULL,'2026-03-25 13:33:15'),(18,2,'souvenir','/suuvenir/','quà lưu niệm','I bought some souvenirs for my family.',NULL,NULL,'2026-03-25 13:33:15'),(19,3,'ingredient','/ingriidie/','nguyên liệu','What are the main ingredients?',NULL,NULL,'2026-03-25 13:33:15'),(20,3,'recipe','/resipi/','công thức nấu ăn','This recipe is very easy to follow.',NULL,NULL,'2026-03-25 13:33:15'),(21,3,'appetizer','/aepitaize/','món khai vị','Would you like to order an appetizer?',NULL,NULL,'2026-03-25 13:33:15'),(22,3,'dessert','/dizeert/','món tráng miệng','The chocolate dessert was delicious.',NULL,NULL,'2026-03-25 13:33:15'),(23,3,'seasoning','/siizening/','gia vị','Add some seasoning to taste.',NULL,NULL,'2026-03-25 13:33:15'),(24,3,'portion','/pooshen/','khẩu phần','The portion size was quite generous.',NULL,NULL,'2026-03-25 13:33:15'),(25,3,'cuisine','/kwiiziin/','ẩm thực','Vietnamese cuisine is famous worldwide.',NULL,NULL,'2026-03-25 13:33:15'),(26,3,'beverage','/beverij/','đồ uống','Would you like a hot or cold beverage?',NULL,NULL,'2026-03-25 13:33:15'),(145,3,'grill','/ɡrɪl/','nướng','We grilled some burgers for dinner.',NULL,NULL,'2026-03-29 17:39:29'),(146,3,'stir-fry','/stɜːr fraɪ/','xào','I love to stir-fry vegetables with garlic.',NULL,NULL,'2026-03-29 17:39:29'),(147,3,'boil','/bɔɪl/','luộc','Boil the water before adding the pasta.',NULL,NULL,'2026-03-29 17:39:29'),(148,3,'delicious','/dɪˈlɪʃəs/','ngon','This soup is absolutely delicious!',NULL,NULL,'2026-03-29 17:39:29'),(149,3,'spicy','/ˈspaɪsi/','cay','Thai food is usually very spicy.',NULL,NULL,'2026-03-29 17:39:29'),(150,3,'raw','/rɔː/','sống, chưa chín','Sushi is made with raw fish.',NULL,NULL,'2026-03-29 17:39:29'),(151,3,'menu','/ˈmenjuː/','thực đơn','Could I see the menu, please?',NULL,NULL,'2026-03-29 17:39:29'),(152,3,'reservation','/ˌrezərˈveɪʃn/','đặt chỗ','I would like to make a reservation for two.',NULL,NULL,'2026-03-29 17:39:29'),(153,4,'assignment','/əˈsaɪnmənt/','bài tập','Please submit your assignment by Friday.',NULL,NULL,'2026-03-29 17:39:29'),(154,4,'lecture','/ˈlektʃər/','bài giảng','The professor gave an interesting lecture.',NULL,NULL,'2026-03-29 17:39:29'),(155,4,'semester','/sɪˈmestər/','học kỳ','There are two semesters in each academic year.',NULL,NULL,'2026-03-29 17:39:29'),(156,4,'scholarship','/ˈskɒlərʃɪp/','học bổng','She received a full scholarship to study abroad.',NULL,NULL,'2026-03-29 17:39:29'),(157,4,'graduate','/ˈɡrædʒuət/','tốt nghiệp','He will graduate from university next year.',NULL,NULL,'2026-03-29 17:39:29'),(158,4,'exam','/ɪɡˈzæm/','kỳ thi','The final exam is next Monday.',NULL,NULL,'2026-03-29 17:39:29'),(159,4,'curriculum','/kəˈrɪkjələm/','chương trình học','The school updated its curriculum this year.',NULL,NULL,'2026-03-29 17:39:29'),(160,4,'tutor','/ˈtjuːtər/','gia sư','She hired a tutor for mathematics.',NULL,NULL,'2026-03-29 17:39:29'),(161,4,'dormitory','/ˈdɔːrmɪtɔːri/','ký túc xá','Many students live in the dormitory.',NULL,NULL,'2026-03-29 17:39:29'),(162,4,'diploma','/dɪˈploʊmə/','bằng cấp','He earned his diploma in engineering.',NULL,NULL,'2026-03-29 17:39:29'),(163,4,'research','/rɪˈsɜːrtʃ/','nghiên cứu','She is doing research on climate change.',NULL,NULL,'2026-03-29 17:39:29'),(164,4,'enrollment','/ɪnˈroʊlmənt/','ghi danh','Enrollment starts in August.',NULL,NULL,'2026-03-29 17:39:29'),(165,5,'software','/ˈsɒftwer/','phần mềm','This software helps you edit photos.',NULL,NULL,'2026-03-29 17:39:29'),(166,5,'hardware','/ˈhɑːrdwer/','phần cứng','You need to upgrade your hardware.',NULL,NULL,'2026-03-29 17:39:29'),(167,5,'algorithm','/ˈælɡərɪðəm/','thuật toán','Search engines use complex algorithms.',NULL,NULL,'2026-03-29 17:39:29'),(168,5,'database','/ˈdeɪtəbeɪs/','cơ sở dữ liệu','All user information is stored in the database.',NULL,NULL,'2026-03-29 17:39:29'),(169,5,'cybersecurity','/ˌsaɪbərsɪˈkjʊrəti/','an ninh mạng','Cybersecurity is essential for protecting data.',NULL,NULL,'2026-03-29 17:39:29'),(170,5,'artificial intelligence','/ˌɑːrtɪˈfɪʃl ɪnˈtelɪdʒəns/','trí tuệ nhân tạo','AI is changing many industries.',NULL,NULL,'2026-03-29 17:39:29'),(171,5,'cloud computing','/klaʊd kəmˈpjuːtɪŋ/','điện toán đám mây','Many companies use cloud computing services.',NULL,NULL,'2026-03-29 17:39:29'),(172,5,'debugging','/diːˈbʌɡɪŋ/','gỡ lỗi','Debugging the code took several hours.',NULL,NULL,'2026-03-29 17:39:29'),(173,5,'bandwidth','/ˈbændwɪdθ/','băng thông','You need more bandwidth for video streaming.',NULL,NULL,'2026-03-29 17:39:29'),(174,5,'encryption','/ɪnˈkrɪpʃn/','mã hóa','Encryption protects your personal data.',NULL,NULL,'2026-03-29 17:39:29'),(175,5,'browser','/ˈbraʊzər/','trình duyệt','Chrome is the most popular web browser.',NULL,NULL,'2026-03-29 17:39:29'),(176,5,'download','/ˈdaʊnloʊd/','tải xuống','You can download the app for free.',NULL,NULL,'2026-03-29 17:39:29'),(177,6,'symptom','/ˈsɪmptəm/','triệu chứng','What are your symptoms?',NULL,NULL,'2026-03-29 17:39:29'),(178,6,'prescription','/prɪˈskrɪpʃn/','đơn thuốc','The doctor gave me a prescription.',NULL,NULL,'2026-03-29 17:39:29'),(179,6,'allergy','/ˈælərdʒi/','dị ứng','She has an allergy to peanuts.',NULL,NULL,'2026-03-29 17:39:29'),(180,6,'nutrition','/njuːˈtrɪʃn/','dinh dưỡng','Good nutrition is important for health.',NULL,NULL,'2026-03-29 17:39:29'),(181,6,'exercise','/ˈeksərsaɪz/','tập thể dục','Regular exercise keeps you fit.',NULL,NULL,'2026-03-29 17:39:29'),(182,6,'diagnosis','/ˌdaɪəɡˈnoʊsɪs/','chẩn đoán','The doctor made an accurate diagnosis.',NULL,NULL,'2026-03-29 17:39:29'),(183,6,'treatment','/ˈtriːtmənt/','điều trị','Effective treatment can cure the disease.',NULL,NULL,'2026-03-29 17:39:29'),(184,6,'vaccine','/vækˈsiːn/','vắc xin','Everyone should get the flu vaccine.',NULL,NULL,'2026-03-29 17:39:29'),(185,6,'calories','/ˈkæləriːz/','calo','How many calories are in this meal?',NULL,NULL,'2026-03-29 17:39:29'),(186,6,'meditation','/ˌmedɪˈteɪʃn/','thiền','Meditation helps reduce stress.',NULL,NULL,'2026-03-29 17:39:29'),(187,6,'protein','/ˈproʊtiːn/','chất đạm','Chicken is a good source of protein.',NULL,NULL,'2026-03-29 17:39:29'),(188,6,'wellness','/ˈwelnəs/','sức khỏe tổng thể','The company has a wellness program for employees.',NULL,NULL,'2026-03-29 17:39:29');
/*!40000 ALTER TABLE `vocabularies` ENABLE KEYS */;
UNLOCK TABLES;

--
-- Table structure for table `wallet_transactions`
--

DROP TABLE IF EXISTS `wallet_transactions`;
/*!40101 SET @saved_cs_client     = @@character_set_client */;
/*!40101 SET character_set_client = utf8 */;
CREATE TABLE `wallet_transactions` (
  `id` int(11) NOT NULL AUTO_INCREMENT,
  `user_id` int(11) NOT NULL,
  `type` enum('deposit','purchase','refund','withdraw') NOT NULL,
  `amount` decimal(12,0) NOT NULL,
  `balance_after` decimal(12,0) DEFAULT 0,
  `status` enum('pending','completed','rejected') DEFAULT 'pending',
  `description` varchar(500) DEFAULT NULL,
  `bank_name` varchar(100) DEFAULT NULL,
  `bank_account` varchar(50) DEFAULT NULL,
  `bank_holder` varchar(100) DEFAULT NULL,
  `transfer_note` varchar(200) DEFAULT NULL,
  `admin_note` varchar(500) DEFAULT NULL,
  `created_at` timestamp NOT NULL DEFAULT current_timestamp(),
  `processed_at` timestamp NULL DEFAULT NULL,
  PRIMARY KEY (`id`),
  KEY `idx_user_status` (`user_id`,`status`),
  KEY `idx_type_status` (`type`,`status`),
  CONSTRAINT `wallet_transactions_ibfk_1` FOREIGN KEY (`user_id`) REFERENCES `users` (`id`) ON DELETE CASCADE
) ENGINE=InnoDB AUTO_INCREMENT=5 DEFAULT CHARSET=utf8mb4 COLLATE=utf8mb4_general_ci;
/*!40101 SET character_set_client = @saved_cs_client */;

--
-- Dumping data for table `wallet_transactions`
--

LOCK TABLES `wallet_transactions` WRITE;
/*!40000 ALTER TABLE `wallet_transactions` DISABLE KEYS */;
INSERT INTO `wallet_transactions` VALUES (1,1,'deposit',100000,100000,'completed','Nạp tiền vào ví',NULL,NULL,NULL,'NAP1',NULL,'2026-04-11 03:18:33','2026-04-11 03:25:57'),(2,1,'deposit',50000,0,'rejected','Nạp tiền vào ví',NULL,NULL,NULL,'NAP1','Auto-cleaned stale deposit','2026-04-11 03:32:32','2026-04-11 07:43:15'),(3,1,'purchase',50000,50000,'completed','Mua gói Pro 1 Tháng',NULL,NULL,NULL,NULL,NULL,'2026-04-11 03:40:26','2026-04-11 03:40:26'),(4,1,'deposit',50000,0,'pending','Nạp tiền vào ví',NULL,NULL,NULL,'NAP1',NULL,'2026-04-11 07:48:36',NULL);
/*!40000 ALTER TABLE `wallet_transactions` ENABLE KEYS */;
UNLOCK TABLES;

--
-- Table structure for table `xp_history`
--

DROP TABLE IF EXISTS `xp_history`;
/*!40101 SET @saved_cs_client     = @@character_set_client */;
/*!40101 SET character_set_client = utf8 */;
CREATE TABLE `xp_history` (
  `id` int(11) NOT NULL AUTO_INCREMENT,
  `user_id` int(11) NOT NULL,
  `xp_amount` int(11) NOT NULL,
  `activity_type` enum('vocab_learn','test_complete','speaking_practice','flashcard','lesson_complete','login_bonus','streak_bonus') NOT NULL,
  `description` varchar(255) DEFAULT NULL,
  `created_at` timestamp NOT NULL DEFAULT current_timestamp(),
  PRIMARY KEY (`id`),
  KEY `idx_user_date` (`user_id`,`created_at`),
  CONSTRAINT `xp_history_ibfk_1` FOREIGN KEY (`user_id`) REFERENCES `users` (`id`) ON DELETE CASCADE
) ENGINE=InnoDB AUTO_INCREMENT=18 DEFAULT CHARSET=utf8mb4 COLLATE=utf8mb4_general_ci;
/*!40101 SET character_set_client = @saved_cs_client */;

--
-- Dumping data for table `xp_history`
--

LOCK TABLES `xp_history` WRITE;
/*!40000 ALTER TABLE `xp_history` DISABLE KEYS */;
INSERT INTO `xp_history` VALUES (1,4,10,'vocab_learn','Học từ vựng','2026-03-27 13:43:40'),(2,4,10,'vocab_learn','Học từ vựng','2026-03-27 13:44:22'),(3,4,30,'speaking_practice','Luyện nói','2026-03-27 13:45:49'),(4,4,30,'speaking_practice','Luyện nói','2026-03-27 13:46:26'),(5,4,10,'vocab_learn','Học từ vựng','2026-03-27 13:46:55'),(6,4,50,'test_complete','Hoàn thành bài test','2026-03-27 13:47:54'),(7,4,30,'speaking_practice','Luyện nói','2026-03-28 10:16:48'),(8,4,30,'speaking_practice','Luyện nói','2026-03-28 10:18:08'),(9,4,30,'speaking_practice','Luyện nói','2026-03-28 10:30:30'),(10,4,30,'speaking_practice','Luyện nói','2026-03-28 10:31:07'),(11,1,30,'speaking_practice','Luyện nói','2026-03-28 10:36:41'),(12,4,30,'speaking_practice','Luyện nói','2026-03-28 10:37:54'),(13,7,20,'lesson_complete','Hoàn thành quiz ngữ pháp','2026-03-28 15:06:56'),(14,7,50,'test_complete','Hoàn thành bài test','2026-03-28 15:16:04'),(15,1,20,'lesson_complete','Hoàn thành quiz ngữ pháp (100%)','2026-04-10 23:15:09'),(16,1,10,'vocab_learn','Học từ vựng','2026-04-10 23:15:26'),(17,1,5,'','Đánh giá bài học','2026-04-11 02:23:25');
/*!40000 ALTER TABLE `xp_history` ENABLE KEYS */;
UNLOCK TABLES;

--
-- Dumping events for database 'english_master'
--

--
-- Dumping routines for database 'english_master'
--
/*!40103 SET TIME_ZONE=@OLD_TIME_ZONE */;

/*!40101 SET SQL_MODE=@OLD_SQL_MODE */;
/*!40014 SET FOREIGN_KEY_CHECKS=@OLD_FOREIGN_KEY_CHECKS */;
/*!40014 SET UNIQUE_CHECKS=@OLD_UNIQUE_CHECKS */;
/*!40101 SET CHARACTER_SET_CLIENT=@OLD_CHARACTER_SET_CLIENT */;
/*!40101 SET CHARACTER_SET_RESULTS=@OLD_CHARACTER_SET_RESULTS */;
/*!40101 SET COLLATION_CONNECTION=@OLD_COLLATION_CONNECTION */;
/*!40111 SET SQL_NOTES=@OLD_SQL_NOTES */;

-- Dump completed on 2026-06-20  9:00:28
